-- =============================================
-- Create date: 14 Jul 2009
-- Project : HPF 
-- Build 
-- Description:	Insert initial data : ref_code_set, ref_code_item
--		menu_group, menu_item
-- =============================================

USE HPF
GO
/* INSERT ref_code_set, ref_code_item*/ 
DELETE FROM ref_code_item ;
DELETE FROM ref_code_set ;

INSERT INTO ref_code_set (ref_code_set_name,code_set_comment) VALUES ('activity code','Activity code');
INSERT INTO ref_code_set (ref_code_set_name,code_set_comment) VALUES ('agency code','Agency code');
INSERT INTO ref_code_set (ref_code_set_name,code_set_comment) VALUES ('agency payable status code','Agency Payable - Status code');
INSERT INTO ref_code_set (ref_code_set_name,code_set_comment) VALUES ('audit type code', 'Audit type code');
INSERT INTO ref_code_set (ref_code_set_name,code_set_comment) VALUES ('audit failure reason code','Audit failure reason code');
INSERT INTO ref_code_set (ref_code_set_name,code_set_comment) VALUES ('billing delivery method code','Funding source - Billing delivery method code');
INSERT INTO ref_code_set (ref_code_set_name, code_set_comment) VALUES('billing export format code', 'Billing export format code');
INSERT INTO ref_code_set (ref_code_set_name,code_set_comment) VALUES ('budget category code','Budget category code');
INSERT INTO ref_code_set (ref_code_set_name,code_set_comment) VALUES ('call center code','Call Center code');
INSERT INTO ref_code_set (ref_code_set_name,code_set_comment) VALUES ('case follow up outcome code','Case follow up outcome code');
INSERT INTO ref_code_set (ref_code_set_name,code_set_comment) VALUES ('call source code','Call source code');
INSERT INTO ref_code_set (ref_code_set_name,code_set_comment) VALUES ('case source code','Case source code');
INSERT INTO ref_code_set (ref_code_set_name,code_set_comment) VALUES ('case status code','Case status code');
INSERT INTO ref_code_set (ref_code_set_name,code_set_comment) VALUES ('counseling duration code', 'Counseling duration code');
INSERT INTO ref_code_set (ref_code_set_name,code_set_comment) VALUES ('counseling summary format code','Servicer - Counseling summary format code');
INSERT INTO ref_code_set (ref_code_set_name,code_set_comment) VALUES ('credit bureau code','Credit bureau code');
INSERT INTO ref_code_set (ref_code_set_name,code_set_comment) VALUES ('default reason code','Default reason code');
INSERT INTO ref_code_set (ref_code_set_name,code_set_comment) VALUES ('education level completed code','Education level completed code');
INSERT INTO ref_code_set (ref_code_set_name,code_set_comment) VALUES ('export format code','Funding source-Export format code');
INSERT INTO ref_code_set (ref_code_set_name,code_set_comment) VALUES ('final disposition code','Call - Final Disposition code');
INSERT INTO ref_code_set (ref_code_set_name,code_set_comment) VALUES ('follow up source code', 'Follow up source code');
INSERT INTO ref_code_set (ref_code_set_name,code_set_comment) VALUES ('gender code','Gender code');
INSERT INTO ref_code_set (ref_code_set_name,code_set_comment) VALUES ('household code','Household code');
INSERT INTO ref_code_set (ref_code_set_name,code_set_comment) VALUES ('hud outcome code','HUD outcome code');
INSERT INTO ref_code_set (ref_code_set_name,code_set_comment) VALUES ('hud termination reason code','HUD termination reason code');
INSERT INTO ref_code_set (ref_code_set_name,code_set_comment) VALUES ('income earners code','Income earners code');
INSERT INTO ref_code_set (ref_code_set_name,code_set_comment) VALUES ('invoice status code','Invoice - Status code');
INSERT INTO ref_code_set (ref_code_set_name,code_set_comment) VALUES ('invoice code','Invoice code');
INSERT INTO ref_code_set (ref_code_set_name,code_set_comment) VALUES ('mortgage program code','Mortgage program code');
INSERT INTO ref_code_set (ref_code_set_name,code_set_comment) VALUES ('marital status code','Marital status code');
INSERT INTO ref_code_set (ref_code_set_name,code_set_comment) VALUES ('military service code','Military service code');
INSERT INTO ref_code_set (ref_code_set_name,code_set_comment) VALUES ('mortgage type code','Mortgage type code');
INSERT INTO ref_code_set (ref_code_set_name,code_set_comment) VALUES ('never bill reason code','Never bill reason code');
INSERT INTO ref_code_set (ref_code_set_name,code_set_comment) VALUES ('never pay reason code','Never pay reason code');
INSERT INTO ref_code_set (ref_code_set_name,code_set_comment) VALUES ('occupation code','Occupation code');
INSERT INTO ref_code_set (ref_code_set_name,code_set_comment) VALUES ('preferred language code','Preferred language code');
INSERT INTO ref_code_set (ref_code_set_name,code_set_comment) VALUES ('loan 1st 2nd code','Loan 1st 2nd code');
INSERT INTO ref_code_set (ref_code_set_name,code_set_comment) VALUES ('loan delinquency status code','Loan delinquency status code');
INSERT INTO ref_code_set (ref_code_set_name,code_set_comment) VALUES ('payment code','Payment code');
INSERT INTO ref_code_set (ref_code_set_name,code_set_comment) VALUES ('payment reject reason code', 'Payment reject reason code');
INSERT INTO ref_code_set (ref_code_set_name,code_set_comment) VALUES ('program service code','Program service code');
INSERT INTO ref_code_set (ref_code_set_name,code_set_comment) VALUES ('property code','Property code');
INSERT INTO ref_code_set (ref_code_set_name,code_set_comment) VALUES ('race code','Race code');
INSERT INTO ref_code_set (ref_code_set_name,code_set_comment) VALUES ('secure delivery method code','Servicer - Secure delivery method code');
INSERT INTO ref_code_set (ref_code_set_name,code_set_comment) VALUES ('state code','State code');
INSERT INTO ref_code_set (ref_code_set_name,code_set_comment) VALUES ('summary sent other code','Summary sent other code');
INSERT INTO ref_code_set (ref_code_set_name,code_set_comment) VALUES ('system activity code','System activity code');
INSERT INTO ref_code_set (ref_code_set_name, code_set_comment) VALUES('takeback reason code', 'Takeback reason code');
INSERT INTO ref_code_set (ref_code_set_name,code_set_comment) VALUES ('term length code','Case loan - Term length code');
INSERT INTO ref_code_set (ref_code_set_name,code_set_comment) VALUES ('mha eligibility code','MHA eligibility code');
INSERT INTO ref_code_set (ref_code_set_name,code_set_comment) VALUES ('mha loan lookup code','MHA loan lookup code');
INSERT INTO ref_code_set (ref_code_set_name,code_set_comment) VALUES ('mha inelig reason code','MHA inelig reason code');
/****************************************************************************/
INSERT INTO ref_code_item(ref_code_set_name,code,code_desc,code_comment,sort_order,active_ind,create_dt,create_user_id,create_app_name,chg_lst_dt,chg_lst_user_id,chg_lst_app_name) VALUES('activity code','SCONS','Servicer Consent Change','',1,'Y',getdate(),'Installation','SQL Studio',getdate(),'Installation','SQL Studio');
INSERT INTO ref_code_item(ref_code_set_name,code,code_desc,code_comment,sort_order,active_ind,create_dt,create_user_id,create_app_name,chg_lst_dt,chg_lst_user_id,chg_lst_app_name) VALUES('activity code','FCONS','Funding Consent Change','',2,'Y',getdate(),'Installation','SQL Studio',getdate(),'Installation','SQL Studio');
INSERT INTO ref_code_item(ref_code_set_name,code,code_desc,code_comment,sort_order,active_ind,create_dt,create_user_id,create_app_name,chg_lst_dt,chg_lst_user_id,chg_lst_app_name) VALUES('activity code','SERV','Servicer Change','',3,'Y',getdate(),'Installation','SQL Studio',getdate(),'Installation','SQL Studio');
INSERT INTO ref_code_item(ref_code_set_name,code,code_desc,code_comment,sort_order,active_ind,create_dt,create_user_id,create_app_name,chg_lst_dt,chg_lst_user_id,chg_lst_app_name) VALUES('activity code','LOAN','Loan Number Change','',4,'Y',getdate(),'Installation','SQL Studio',getdate(),'Installation','SQL Studio');
INSERT INTO ref_code_item(ref_code_set_name,code,code_desc,code_comment,sort_order,active_ind,create_dt,create_user_id,create_app_name,chg_lst_dt,chg_lst_user_id,chg_lst_app_name) VALUES('activity code','1ST2ND','Loan 1st 2nd Change','',5,'Y',getdate(),'Installation','SQL Studio',getdate(),'Installation','SQL Studio');
INSERT INTO ref_code_item(ref_code_set_name,code,code_desc,code_comment,sort_order,active_ind,create_dt,create_user_id,create_app_name,chg_lst_dt,chg_lst_user_id,chg_lst_app_name) VALUES('activity code','NBILL','Never Bill Reason Change','',6,'Y',getdate(),'Installation','SQL Studio',getdate(),'Installation','SQL Studio');
INSERT INTO ref_code_item(ref_code_set_name,code,code_desc,code_comment,sort_order,active_ind,create_dt,create_user_id,create_app_name,chg_lst_dt,chg_lst_user_id,chg_lst_app_name) VALUES('activity code','NPAY','Never Pay Reason Change','',7,'Y',getdate(),'Installation','SQL Studio',getdate(),'Installation','SQL Studio');
INSERT INTO ref_code_item(ref_code_set_name,code,code_desc,code_comment,sort_order,active_ind,create_dt,create_user_id,create_app_name,chg_lst_dt,chg_lst_user_id,chg_lst_app_name) VALUES('activity code','AGENCY','Agency Change','',8,'Y',getdate(),'Installation','SQL Studio',getdate(),'Installation','SQL Studio');
INSERT INTO ref_code_item(ref_code_set_name,code,code_desc,code_comment,sort_order,active_ind,create_dt,create_user_id,create_app_name,chg_lst_dt,chg_lst_user_id,chg_lst_app_name) VALUES('activity code','DUPE','Duplicate Indicator Change','',9,'Y',getdate(),'Installation','SQL Studio',getdate(),'Installation','SQL Studio');
INSERT INTO ref_code_item(ref_code_set_name,code,code_desc,code_comment,sort_order,active_ind,create_dt,create_user_id,create_app_name,chg_lst_dt,chg_lst_user_id,chg_lst_app_name) VALUES('activity code','EMAIL','User Requested Case Summary Email','',10,'Y',getdate(),'Installation','SQL Studio',getdate(),'Installation','SQL Studio');
INSERT INTO ref_code_item(ref_code_set_name,code,code_desc,code_comment,sort_order,active_ind,create_dt,create_user_id,create_app_name,chg_lst_dt,chg_lst_user_id,chg_lst_app_name) VALUES('activity code','SUMM','Case Summary Sent','',11,'Y',getdate(),'Installation','SQL Studio',getdate(),'Installation','SQL Studio');
INSERT INTO ref_code_item(ref_code_set_name,code,code_desc,code_comment,sort_order,active_ind,create_dt,create_user_id,create_app_name,chg_lst_dt,chg_lst_user_id,chg_lst_app_name) VALUES('activity code','CAP','Client Action Plan Sent','',12,'Y',getdate(),'Installation','SQL Studio',getdate(),'Installation','SQL Studio');
INSERT INTO ref_code_item(ref_code_set_name,code,code_desc,code_comment,sort_order,active_ind,create_dt,create_user_id,create_app_name,chg_lst_dt,chg_lst_user_id,chg_lst_app_name) VALUES('activity code','1STLOANDEL','1st Loan Deleted','',13,'Y',getdate(),'Installation','SQL Studio',getdate(),'Installation','SQL Studio');
INSERT INTO ref_code_item(ref_code_set_name,code,code_desc,code_comment,sort_order,active_ind,create_dt,create_user_id,create_app_name,chg_lst_dt,chg_lst_user_id,chg_lst_app_name) VALUES('activity code','1STLOANINS','1st Loan Inserted','',14,'Y',getdate(),'Installation','SQL Studio',getdate(),'Installation','SQL Studio');
INSERT INTO ref_code_item(ref_code_set_name,code,code_desc,code_comment,sort_order,active_ind,create_dt,create_user_id,create_app_name,chg_lst_dt,chg_lst_user_id,chg_lst_app_name) VALUES('activity code','2NDLOANDEL','2nd Loan Deleted','',15,'Y',getdate(),'Installation','SQL Studio',getdate(),'Installation','SQL Studio');
INSERT INTO ref_code_item(ref_code_set_name,code,code_desc,code_comment,sort_order,active_ind,create_dt,create_user_id,create_app_name,chg_lst_dt,chg_lst_user_id,chg_lst_app_name) VALUES('activity code','2NDLOANINS','2nd Loan Inserted','',16,'Y',getdate(),'Installation','SQL Studio',getdate(),'Installation','SQL Studio');
INSERT INTO ref_code_item(ref_code_set_name,code,code_desc,code_comment,sort_order,active_ind,create_dt,create_user_id,create_app_name,chg_lst_dt,chg_lst_user_id,chg_lst_app_name) VALUES('activity code','CONV','Initial CCRC Conversion','',17,'Y',getdate(),'Installation','SQL Studio',getdate(),'Installation','SQL Studio');
INSERT INTO ref_code_item(ref_code_set_name,code,code_desc,code_comment,sort_order,active_ind,create_dt,create_user_id,create_app_name,chg_lst_dt,chg_lst_user_id,chg_lst_app_name) VALUES('activity code','CONVINS','Insert After Conversion','',18,'Y',getdate(),'Installation','SQL Studio',getdate(),'Installation','SQL Studio');
INSERT INTO ref_code_item(ref_code_set_name,code,code_desc,code_comment,sort_order,active_ind,create_dt,create_user_id,create_app_name,chg_lst_dt,chg_lst_user_id,chg_lst_app_name) VALUES('activity code','CONVUPD','Updated After Conversion','',19,'Y',getdate(),'Installation','SQL Studio',getdate(),'Installation','SQL Studio');

INSERT INTO ref_code_item(ref_code_set_name,code,code_desc,code_comment,sort_order,active_ind,create_dt,create_user_id,create_app_name,chg_lst_dt,chg_lst_user_id,chg_lst_app_name) VALUES('agency code','CCRC','CCRC','Josh do we need this anymore?',1,'Y',getdate(),'Installation','SQL Studio',getdate(),'Installation','SQL Studio');
INSERT INTO ref_code_item(ref_code_set_name,code,code_desc,code_comment,sort_order,active_ind,create_dt,create_user_id,create_app_name,chg_lst_dt,chg_lst_user_id,chg_lst_app_name) VALUES('agency code','NWO/NHS','NWO/NHS','Josh do we need this anymore?',2,'Y',getdate(),'Installation','SQL Studio',getdate(),'Installation','SQL Studio');

INSERT INTO ref_code_item(ref_code_set_name,code,code_desc,code_comment,sort_order,active_ind,create_dt,create_user_id,create_app_name,chg_lst_dt,chg_lst_user_id,chg_lst_app_name) VALUES('audit type code','ONSITE','On-Site Audit','',1,'Y',getdate(),'Installation','SQL Studio',getdate(),'Installation','SQL Studio');
INSERT INTO ref_code_item(ref_code_set_name,code,code_desc,code_comment,sort_order,active_ind,create_dt,create_user_id,create_app_name,chg_lst_dt,chg_lst_user_id,chg_lst_app_name) VALUES('audit type code','DESK','Desk Audit','',2,'Y',getdate(),'Installation','SQL Studio',getdate(),'Installation','SQL Studio');

INSERT INTO ref_code_item(ref_code_set_name,code,code_desc,code_comment,sort_order,active_ind,create_dt,create_user_id,create_app_name,chg_lst_dt,chg_lst_user_id,chg_lst_app_name) VALUES('audit failure reason code','VERBPRIV','Deficiency in verbal privacy statement','',1,'Y',getdate(),'Installation','SQL Studio',getdate(),'Installation','SQL Studio');
INSERT INTO ref_code_item(ref_code_set_name,code,code_desc,code_comment,sort_order,active_ind,create_dt,create_user_id,create_app_name,chg_lst_dt,chg_lst_user_id,chg_lst_app_name) VALUES('audit failure reason code','WRITPRIV','Deficiency in written privacy statement','',2,'Y',getdate(),'Installation','SQL Studio',getdate(),'Installation','SQL Studio');
INSERT INTO ref_code_item(ref_code_set_name,code,code_desc,code_comment,sort_order,active_ind,create_dt,create_user_id,create_app_name,chg_lst_dt,chg_lst_user_id,chg_lst_app_name) VALUES('audit failure reason code','BADRFD','Failure to identify RFD','',3,'Y',getdate(),'Installation','SQL Studio',getdate(),'Installation','SQL Studio');
INSERT INTO ref_code_item(ref_code_set_name,code,code_desc,code_comment,sort_order,active_ind,create_dt,create_user_id,create_app_name,chg_lst_dt,chg_lst_user_id,chg_lst_app_name) VALUES('audit failure reason code','NOSVCRCONTACT','Failure to contact servicer','',4,'Y',getdate(),'Installation','SQL Studio',getdate(),'Installation','SQL Studio');
INSERT INTO ref_code_item(ref_code_set_name,code,code_desc,code_comment,sort_order,active_ind,create_dt,create_user_id,create_app_name,chg_lst_dt,chg_lst_user_id,chg_lst_app_name) VALUES('audit failure reason code','BADRECOMEND','Deficiency in providing proper options/recommendation','',5,'Y',getdate(),'Installation','SQL Studio',getdate(),'Installation','SQL Studio');
INSERT INTO ref_code_item(ref_code_set_name,code,code_desc,code_comment,sort_order,active_ind,create_dt,create_user_id,create_app_name,chg_lst_dt,chg_lst_user_id,chg_lst_app_name) VALUES('audit failure reason code','TOMANYOPTIONS','Provided too many options','',6,'Y',getdate(),'Installation','SQL Studio',getdate(),'Installation','SQL Studio');
INSERT INTO ref_code_item(ref_code_set_name,code,code_desc,code_comment,sort_order,active_ind,create_dt,create_user_id,create_app_name,chg_lst_dt,chg_lst_user_id,chg_lst_app_name) VALUES('audit failure reason code','UNPROFESSIONAL','Unprofessional interaction','',7,'Y',getdate(),'Installation','SQL Studio',getdate(),'Installation','SQL Studio');
INSERT INTO ref_code_item(ref_code_set_name,code,code_desc,code_comment,sort_order,active_ind,create_dt,create_user_id,create_app_name,chg_lst_dt,chg_lst_user_id,chg_lst_app_name) VALUES('audit failure reason code','NOEMPATHY','Lack of Empathy','',8,'Y',getdate(),'Installation','SQL Studio',getdate(),'Installation','SQL Studio');
INSERT INTO ref_code_item(ref_code_set_name,code,code_desc,code_comment,sort_order,active_ind,create_dt,create_user_id,create_app_name,chg_lst_dt,chg_lst_user_id,chg_lst_app_name) VALUES('audit failure reason code','NOCAPIN24HRS','CAP not sent w/in 24 hours','',9,'Y',getdate(),'Installation','SQL Studio',getdate(),'Installation','SQL Studio');
INSERT INTO ref_code_item(ref_code_set_name,code,code_desc,code_comment,sort_order,active_ind,create_dt,create_user_id,create_app_name,chg_lst_dt,chg_lst_user_id,chg_lst_app_name) VALUES('audit failure reason code','REF2NONAFFIL','Referred to unaffiliated agency','',10,'Y',getdate(),'Installation','SQL Studio',getdate(),'Installation','SQL Studio');
INSERT INTO ref_code_item(ref_code_set_name,code,code_desc,code_comment,sort_order,active_ind,create_dt,create_user_id,create_app_name,chg_lst_dt,chg_lst_user_id,chg_lst_app_name) VALUES('audit failure reason code','NOTHOMEOWNER','Session with someone other than homeowner','',11,'Y',getdate(),'Installation','SQL Studio',getdate(),'Installation','SQL Studio');
INSERT INTO ref_code_item(ref_code_set_name,code,code_desc,code_comment,sort_order,active_ind,create_dt,create_user_id,create_app_name,chg_lst_dt,chg_lst_user_id,chg_lst_app_name) VALUES('audit failure reason code','NOCOUNSEL','Billed but no counseling occurred','',12,'Y',getdate(),'Installation','SQL Studio',getdate(),'Installation','SQL Studio');
INSERT INTO ref_code_item(ref_code_set_name,code,code_desc,code_comment,sort_order,active_ind,create_dt,create_user_id,create_app_name,chg_lst_dt,chg_lst_user_id,chg_lst_app_name) VALUES('audit failure reason code','DUPE','Duplicate','',13,'Y',getdate(),'Installation','SQL Studio',getdate(),'Installation','SQL Studio');

INSERT INTO ref_code_item(ref_code_set_name,code,code_desc,code_comment,sort_order,active_ind,create_dt,create_user_id,create_app_name,chg_lst_dt,chg_lst_user_id,chg_lst_app_name) VALUES('budget category code','INC','Income','Income',1,'Y',getdate(),'Installation','SQL Studio',getdate(),'Installation','SQL Studio');
INSERT INTO ref_code_item(ref_code_set_name,code,code_desc,code_comment,sort_order,active_ind,create_dt,create_user_id,create_app_name,chg_lst_dt,chg_lst_user_id,chg_lst_app_name) VALUES('budget category code','EXP','Expense','Expense',2,'Y',getdate(),'Installation','SQL Studio',getdate(),'Installation','SQL Studio');

INSERT INTO ref_code_item(ref_code_set_name,code,code_desc,code_comment,sort_order,active_ind,create_dt,create_user_id,create_app_name,chg_lst_dt,chg_lst_user_id,chg_lst_app_name) VALUES('call center code','ICT','ITC Group','',1,'Y',getdate(),'Installation','SQL Studio',getdate(),'Installation','SQL Studio');
INSERT INTO ref_code_item(ref_code_set_name,code,code_desc,code_comment,sort_order,active_ind,create_dt,create_user_id,create_app_name,chg_lst_dt,chg_lst_user_id,chg_lst_app_name) VALUES('call center code','ATL','CCCS Atlanta','',2,'Y',getdate(),'Installation','SQL Studio',getdate(),'Installation','SQL Studio');
INSERT INTO ref_code_item(ref_code_set_name,code,code_desc,code_comment,sort_order,active_ind,create_dt,create_user_id,create_app_name,chg_lst_dt,chg_lst_user_id,chg_lst_app_name) VALUES('call center code','MMI','Money Management Inc.','',4,'Y',getdate(),'Installation','SQL Studio',getdate(),'Installation','SQL Studio');
INSERT INTO ref_code_item(ref_code_set_name,code,code_desc,code_comment,sort_order,active_ind,create_dt,create_user_id,create_app_name,chg_lst_dt,chg_lst_user_id,chg_lst_app_name) VALUES('case follow up outcome code','WOPLAN','Got a work out plan','Got a work out plan',1,'Y',getdate(),'Installation','SQL Studio',getdate(),'Installation','SQL Studio');
INSERT INTO ref_code_item(ref_code_set_name,code,code_desc,code_comment,sort_order,active_ind,create_dt,create_user_id,create_app_name,chg_lst_dt,chg_lst_user_id,chg_lst_app_name) VALUES('case follow up outcome code','LOANMOD','Got a loan mod','Got a loan mod',2,'Y',getdate(),'Installation','SQL Studio',getdate(),'Installation','SQL Studio');

INSERT INTO ref_code_item(ref_code_set_name,code,code_desc,code_comment,sort_order,active_ind,create_dt,create_user_id,create_app_name,chg_lst_dt,chg_lst_user_id,chg_lst_app_name) VALUES('counseling duration code','<30','Less than 30 minutes','',1,'Y',getdate(),'Installation','SQL Studio',getdate(),'Installation','SQL Studio');
INSERT INTO ref_code_item(ref_code_set_name,code,code_desc,code_comment,sort_order,active_ind,create_dt,create_user_id,create_app_name,chg_lst_dt,chg_lst_user_id,chg_lst_app_name) VALUES('counseling duration code','30-59','30-59 minutes','',1,'Y',getdate(),'Installation','SQL Studio',getdate(),'Installation','SQL Studio');
INSERT INTO ref_code_item(ref_code_set_name,code,code_desc,code_comment,sort_order,active_ind,create_dt,create_user_id,create_app_name,chg_lst_dt,chg_lst_user_id,chg_lst_app_name) VALUES('counseling duration code','60-89','60-89 minutes','',1,'Y',getdate(),'Installation','SQL Studio',getdate(),'Installation','SQL Studio');
INSERT INTO ref_code_item(ref_code_set_name,code,code_desc,code_comment,sort_order,active_ind,create_dt,create_user_id,create_app_name,chg_lst_dt,chg_lst_user_id,chg_lst_app_name) VALUES('counseling duration code','90-120','90-120 minutes','',1,'Y',getdate(),'Installation','SQL Studio',getdate(),'Installation','SQL Studio');
INSERT INTO ref_code_item(ref_code_set_name,code,code_desc,code_comment,sort_order,active_ind,create_dt,create_user_id,create_app_name,chg_lst_dt,chg_lst_user_id,chg_lst_app_name) VALUES('counseling duration code','>121','More than 120 minutes','',1,'Y',getdate(),'Installation','SQL Studio',getdate(),'Installation','SQL Studio');

INSERT INTO ref_code_item(ref_code_set_name,code,code_desc,code_comment,sort_order,active_ind,create_dt,create_user_id,create_app_name,chg_lst_dt,chg_lst_user_id,chg_lst_app_name) VALUES('credit bureau code','TRANSUNION','TransUnion','TransUnion',1,'Y',getdate(),'Installation','SQL Studio',getdate(),'Installation','SQL Studio');
INSERT INTO ref_code_item(ref_code_set_name,code,code_desc,code_comment,sort_order,active_ind,create_dt,create_user_id,create_app_name,chg_lst_dt,chg_lst_user_id,chg_lst_app_name) VALUES('credit bureau code','EQUIFAX','Equifax','Equifax',2,'Y',getdate(),'Installation','SQL Studio',getdate(),'Installation','SQL Studio');
INSERT INTO ref_code_item(ref_code_set_name,code,code_desc,code_comment,sort_order,active_ind,create_dt,create_user_id,create_app_name,chg_lst_dt,chg_lst_user_id,chg_lst_app_name) VALUES('credit bureau code','EXPERION','Experion','Experion',3,'Y',getdate(),'Installation','SQL Studio',getdate(),'Installation','SQL Studio');
INSERT INTO ref_code_item(ref_code_set_name,code,code_desc,code_comment,sort_order,active_ind,create_dt,create_user_id,create_app_name,chg_lst_dt,chg_lst_user_id,chg_lst_app_name) VALUES('credit bureau code','TRI-MERGE','Tri-merge','Tri-merge',4,'Y',getdate(),'Installation','SQL Studio',getdate(),'Installation','SQL Studio');

INSERT INTO ref_code_item(ref_code_set_name,code,code_desc,code_comment,sort_order,active_ind,create_dt,create_user_id,create_app_name,chg_lst_dt,chg_lst_user_id,chg_lst_app_name) VALUES('default reason code','1','Death of Borrower','',1,'Y',getdate(),'Installation','SQL Studio',getdate(),'Installation','SQL Studio');
INSERT INTO ref_code_item(ref_code_set_name,code,code_desc,code_comment,sort_order,active_ind,create_dt,create_user_id,create_app_name,chg_lst_dt,chg_lst_user_id,chg_lst_app_name) VALUES('default reason code','10','Inability to Sell','',10,'Y',getdate(),'Installation','SQL Studio',getdate(),'Installation','SQL Studio');
INSERT INTO ref_code_item(ref_code_set_name,code,code_desc,code_comment,sort_order,active_ind,create_dt,create_user_id,create_app_name,chg_lst_dt,chg_lst_user_id,chg_lst_app_name) VALUES('default reason code','11','Inability to Rent','',11,'Y',getdate(),'Installation','SQL Studio',getdate(),'Installation','SQL Studio');
INSERT INTO ref_code_item(ref_code_set_name,code,code_desc,code_comment,sort_order,active_ind,create_dt,create_user_id,create_app_name,chg_lst_dt,chg_lst_user_id,chg_lst_app_name) VALUES('default reason code','12','Military Service','',12,'Y',getdate(),'Installation','SQL Studio',getdate(),'Installation','SQL Studio');
INSERT INTO ref_code_item(ref_code_set_name,code,code_desc,code_comment,sort_order,active_ind,create_dt,create_user_id,create_app_name,chg_lst_dt,chg_lst_user_id,chg_lst_app_name) VALUES('default reason code','13','Unemployed','',13,'Y',getdate(),'Installation','SQL Studio',getdate(),'Installation','SQL Studio');
INSERT INTO ref_code_item(ref_code_set_name,code,code_desc,code_comment,sort_order,active_ind,create_dt,create_user_id,create_app_name,chg_lst_dt,chg_lst_user_id,chg_lst_app_name) VALUES('default reason code','14','Business Failure','',14,'Y',getdate(),'Installation','SQL Studio',getdate(),'Installation','SQL Studio');
INSERT INTO ref_code_item(ref_code_set_name,code,code_desc,code_comment,sort_order,active_ind,create_dt,create_user_id,create_app_name,chg_lst_dt,chg_lst_user_id,chg_lst_app_name) VALUES('default reason code','15','Tenant not Paying','',15,'Y',getdate(),'Installation','SQL Studio',getdate(),'Installation','SQL Studio');
INSERT INTO ref_code_item(ref_code_set_name,code,code_desc,code_comment,sort_order,active_ind,create_dt,create_user_id,create_app_name,chg_lst_dt,chg_lst_user_id,chg_lst_app_name) VALUES('default reason code','16','Casualty Loss','',16,'Y',getdate(),'Installation','SQL Studio',getdate(),'Installation','SQL Studio');
INSERT INTO ref_code_item(ref_code_set_name,code,code_desc,code_comment,sort_order,active_ind,create_dt,create_user_id,create_app_name,chg_lst_dt,chg_lst_user_id,chg_lst_app_name) VALUES('default reason code','17','Energy/Environmental Cost','',17,'Y',getdate(),'Installation','SQL Studio',getdate(),'Installation','SQL Studio');
INSERT INTO ref_code_item(ref_code_set_name,code,code_desc,code_comment,sort_order,active_ind,create_dt,create_user_id,create_app_name,chg_lst_dt,chg_lst_user_id,chg_lst_app_name) VALUES('default reason code','18','Servicing Problem','',18,'Y',getdate(),'Installation','SQL Studio',getdate(),'Installation','SQL Studio');
INSERT INTO ref_code_item(ref_code_set_name,code,code_desc,code_comment,sort_order,active_ind,create_dt,create_user_id,create_app_name,chg_lst_dt,chg_lst_user_id,chg_lst_app_name) VALUES('default reason code','19','Payment Adjustment','',19,'Y',getdate(),'Installation','SQL Studio',getdate(),'Installation','SQL Studio');
INSERT INTO ref_code_item(ref_code_set_name,code,code_desc,code_comment,sort_order,active_ind,create_dt,create_user_id,create_app_name,chg_lst_dt,chg_lst_user_id,chg_lst_app_name) VALUES('default reason code','2','Illness','',2,'Y',getdate(),'Installation','SQL Studio',getdate(),'Installation','SQL Studio');
INSERT INTO ref_code_item(ref_code_set_name,code,code_desc,code_comment,sort_order,active_ind,create_dt,create_user_id,create_app_name,chg_lst_dt,chg_lst_user_id,chg_lst_app_name) VALUES('default reason code','20','Payment Dispute','',20,'Y',getdate(),'Installation','SQL Studio',getdate(),'Installation','SQL Studio');
INSERT INTO ref_code_item(ref_code_set_name,code,code_desc,code_comment,sort_order,active_ind,create_dt,create_user_id,create_app_name,chg_lst_dt,chg_lst_user_id,chg_lst_app_name) VALUES('default reason code','21','Transfer of Ownership','',21,'Y',getdate(),'Installation','SQL Studio',getdate(),'Installation','SQL Studio');
INSERT INTO ref_code_item(ref_code_set_name,code,code_desc,code_comment,sort_order,active_ind,create_dt,create_user_id,create_app_name,chg_lst_dt,chg_lst_user_id,chg_lst_app_name) VALUES('default reason code','22','Fraud','',22,'Y',getdate(),'Installation','SQL Studio',getdate(),'Installation','SQL Studio');
INSERT INTO ref_code_item(ref_code_set_name,code,code_desc,code_comment,sort_order,active_ind,create_dt,create_user_id,create_app_name,chg_lst_dt,chg_lst_user_id,chg_lst_app_name) VALUES('default reason code','23','Incarceration','',23,'Y',getdate(),'Installation','SQL Studio',getdate(),'Installation','SQL Studio');
INSERT INTO ref_code_item(ref_code_set_name,code,code_desc,code_comment,sort_order,active_ind,create_dt,create_user_id,create_app_name,chg_lst_dt,chg_lst_user_id,chg_lst_app_name) VALUES('default reason code','24','Other','',24,'Y',getdate(),'Installation','SQL Studio',getdate(),'Installation','SQL Studio');
INSERT INTO ref_code_item(ref_code_set_name,code,code_desc,code_comment,sort_order,active_ind,create_dt,create_user_id,create_app_name,chg_lst_dt,chg_lst_user_id,chg_lst_app_name) VALUES('default reason code','25','N/A','',25,'Y',getdate(),'Installation','SQL Studio',getdate(),'Installation','SQL Studio');
INSERT INTO ref_code_item(ref_code_set_name,code,code_desc,code_comment,sort_order,active_ind,create_dt,create_user_id,create_app_name,chg_lst_dt,chg_lst_user_id,chg_lst_app_name) VALUES('default reason code','3','Clarifying Illness in Borrowers Family','',3,'Y',getdate(),'Installation','SQL Studio',getdate(),'Installation','SQL Studio');
INSERT INTO ref_code_item(ref_code_set_name,code,code_desc,code_comment,sort_order,active_ind,create_dt,create_user_id,create_app_name,chg_lst_dt,chg_lst_user_id,chg_lst_app_name) VALUES('default reason code','4','Death in Family','',4,'Y',getdate(),'Installation','SQL Studio',getdate(),'Installation','SQL Studio');
INSERT INTO ref_code_item(ref_code_set_name,code,code_desc,code_comment,sort_order,active_ind,create_dt,create_user_id,create_app_name,chg_lst_dt,chg_lst_user_id,chg_lst_app_name) VALUES('default reason code','5','Marital/Relationship Problems','',5,'Y',getdate(),'Installation','SQL Studio',getdate(),'Installation','SQL Studio');
INSERT INTO ref_code_item(ref_code_set_name,code,code_desc,code_comment,sort_order,active_ind,create_dt,create_user_id,create_app_name,chg_lst_dt,chg_lst_user_id,chg_lst_app_name) VALUES('default reason code','6','Reduction of Income','',6,'Y',getdate(),'Installation','SQL Studio',getdate(),'Installation','SQL Studio');
INSERT INTO ref_code_item(ref_code_set_name,code,code_desc,code_comment,sort_order,active_ind,create_dt,create_user_id,create_app_name,chg_lst_dt,chg_lst_user_id,chg_lst_app_name) VALUES('default reason code','7','Excessive Obligations','',7,'Y',getdate(),'Installation','SQL Studio',getdate(),'Installation','SQL Studio');
INSERT INTO ref_code_item(ref_code_set_name,code,code_desc,code_comment,sort_order,active_ind,create_dt,create_user_id,create_app_name,chg_lst_dt,chg_lst_user_id,chg_lst_app_name) VALUES('default reason code','8','Employment Transfer','',8,'Y',getdate(),'Installation','SQL Studio',getdate(),'Installation','SQL Studio');
INSERT INTO ref_code_item(ref_code_set_name,code,code_desc,code_comment,sort_order,active_ind,create_dt,create_user_id,create_app_name,chg_lst_dt,chg_lst_user_id,chg_lst_app_name) VALUES('default reason code','9','Property Problems','',9,'Y',getdate(),'Installation','SQL Studio',getdate(),'Installation','SQL Studio');

INSERT INTO ref_code_item(ref_code_set_name,code,code_desc,code_comment,sort_order,active_ind,create_dt,create_user_id,create_app_name,chg_lst_dt,chg_lst_user_id,chg_lst_app_name) VALUES('export format code','FIS','FIS Export','',1,'Y',getdate(),'Installation','SQL Studio',getdate(),'Installation','SQL Studio');
INSERT INTO ref_code_item(ref_code_set_name,code,code_desc,code_comment,sort_order,active_ind,create_dt,create_user_id,create_app_name,chg_lst_dt,chg_lst_user_id,chg_lst_app_name) VALUES('export format code','ICLEAR','iClear Export','',2,'Y',getdate(),'Installation','SQL Studio',getdate(),'Installation','SQL Studio');
INSERT INTO ref_code_item(ref_code_set_name,code,code_desc,code_comment,sort_order,active_ind,create_dt,create_user_id,create_app_name,chg_lst_dt,chg_lst_user_id,chg_lst_app_name) VALUES('export format code','NFMC','NFMC Export','',3,'Y',getdate(),'Installation','SQL Studio',getdate(),'Installation','SQL Studio');
INSERT INTO ref_code_item(ref_code_set_name,code,code_desc,code_comment,sort_order,active_ind,create_dt,create_user_id,create_app_name,chg_lst_dt,chg_lst_user_id,chg_lst_app_name) VALUES('export format code','HPFSTD','HPF Standard Export','',4,'Y',getdate(),'Installation','SQL Studio',getdate(),'Installation','SQL Studio');
INSERT INTO ref_code_item(ref_code_set_name,code,code_desc,code_comment,sort_order,active_ind,create_dt,create_user_id,create_app_name,chg_lst_dt,chg_lst_user_id,chg_lst_app_name) VALUES('export format code','HSBC','HSBC  Export','',5,'Y',getdate(),'Installation','SQL Studio',getdate(),'Installation','SQL Studio');
INSERT INTO ref_code_item(ref_code_set_name,code,code_desc,code_comment,sort_order,active_ind,create_dt,create_user_id,create_app_name,chg_lst_dt,chg_lst_user_id,chg_lst_app_name) VALUES('export format code','FREDDIE','Freddie Mac Export','',6,'Y',getdate(),'Installation','SQL Studio',getdate(),'Installation','SQL Studio');
INSERT INTO ref_code_item(ref_code_set_name,code,code_desc,code_comment,sort_order,active_ind,create_dt,create_user_id,create_app_name,chg_lst_dt,chg_lst_user_id,chg_lst_app_name) VALUES('export format code','HUD','HUD Export','',7,'Y',getdate(),'Installation','SQL Studio',getdate(),'Installation','SQL Studio');

INSERT INTO ref_code_item(ref_code_set_name,code,code_desc,code_comment,sort_order,active_ind,create_dt,create_user_id,create_app_name,chg_lst_dt,chg_lst_user_id,chg_lst_app_name) VALUES('gender code','FEMALE','Female','',1,'Y',getdate(),'Installation','SQL Studio',getdate(),'Installation','SQL Studio');
INSERT INTO ref_code_item(ref_code_set_name,code,code_desc,code_comment,sort_order,active_ind,create_dt,create_user_id,create_app_name,chg_lst_dt,chg_lst_user_id,chg_lst_app_name) VALUES('gender code','MALE','Male','',2,'Y',getdate(),'Installation','SQL Studio',getdate(),'Installation','SQL Studio');
INSERT INTO ref_code_item(ref_code_set_name,code,code_desc,code_comment,sort_order,active_ind,create_dt,create_user_id,create_app_name,chg_lst_dt,chg_lst_user_id,chg_lst_app_name) VALUES('gender code','DECLINED','Declined to Specify','',3,'Y',getdate(),'Installation','SQL Studio',getdate(),'Installation','SQL Studio');

INSERT INTO ref_code_item(ref_code_set_name,code,code_desc,code_comment,sort_order,active_ind,create_dt,create_user_id,create_app_name,chg_lst_dt,chg_lst_user_id,chg_lst_app_name) VALUES('household code','SINGLE','Single adult','',1,'Y',getdate(),'Installation','SQL Studio',getdate(),'Installation','SQL Studio');
INSERT INTO ref_code_item(ref_code_set_name,code,code_desc,code_comment,sort_order,active_ind,create_dt,create_user_id,create_app_name,chg_lst_dt,chg_lst_user_id,chg_lst_app_name) VALUES('household code','FHOH','Female-headed single parent household','',2,'Y',getdate(),'Installation','SQL Studio',getdate(),'Installation','SQL Studio');
INSERT INTO ref_code_item(ref_code_set_name,code,code_desc,code_comment,sort_order,active_ind,create_dt,create_user_id,create_app_name,chg_lst_dt,chg_lst_user_id,chg_lst_app_name) VALUES('household code','MHOH','Male-headed single parent household','',3,'Y',getdate(),'Installation','SQL Studio',getdate(),'Installation','SQL Studio');
INSERT INTO ref_code_item(ref_code_set_name,code,code_desc,code_comment,sort_order,active_ind,create_dt,create_user_id,create_app_name,chg_lst_dt,chg_lst_user_id,chg_lst_app_name) VALUES('household code','MNODEP','Married without dependents','',4,'Y',getdate(),'Installation','SQL Studio',getdate(),'Installation','SQL Studio');
INSERT INTO ref_code_item(ref_code_set_name,code,code_desc,code_comment,sort_order,active_ind,create_dt,create_user_id,create_app_name,chg_lst_dt,chg_lst_user_id,chg_lst_app_name) VALUES('household code','MWDEP','Married with dependents','',5,'Y',getdate(),'Installation','SQL Studio',getdate(),'Installation','SQL Studio');
INSERT INTO ref_code_item(ref_code_set_name,code,code_desc,code_comment,sort_order,active_ind,create_dt,create_user_id,create_app_name,chg_lst_dt,chg_lst_user_id,chg_lst_app_name) VALUES('household code','MADULT','Two or more unrelated adults','',6,'Y',getdate(),'Installation','SQL Studio',getdate(),'Installation','SQL Studio');
INSERT INTO ref_code_item(ref_code_set_name,code,code_desc,code_comment,sort_order,active_ind,create_dt,create_user_id,create_app_name,chg_lst_dt,chg_lst_user_id,chg_lst_app_name) VALUES('household code','OTHER','Other','',7,'Y',getdate(),'Installation','SQL Studio',getdate(),'Installation','SQL Studio');

INSERT INTO ref_code_item(ref_code_set_name,code,code_desc,code_comment,sort_order,active_ind,create_dt,create_user_id,create_app_name,chg_lst_dt,chg_lst_user_id,chg_lst_app_name) VALUES('hud outcome code','100','Brought mortgage current','',1,'Y',getdate(),'Installation','SQL Studio',getdate(),'Installation','SQL Studio');
INSERT INTO ref_code_item(ref_code_set_name,code,code_desc,code_comment,sort_order,active_ind,create_dt,create_user_id,create_app_name,chg_lst_dt,chg_lst_user_id,chg_lst_app_name) VALUES('hud outcome code','101','Mortgage refinanced','',2,'Y',getdate(),'Installation','SQL Studio',getdate(),'Installation','SQL Studio');
INSERT INTO ref_code_item(ref_code_set_name,code,code_desc,code_comment,sort_order,active_ind,create_dt,create_user_id,create_app_name,chg_lst_dt,chg_lst_user_id,chg_lst_app_name) VALUES('hud outcome code','102','Mortgage modified','',3,'Y',getdate(),'Installation','SQL Studio',getdate(),'Installation','SQL Studio');
INSERT INTO ref_code_item(ref_code_set_name,code,code_desc,code_comment,sort_order,active_ind,create_dt,create_user_id,create_app_name,chg_lst_dt,chg_lst_user_id,chg_lst_app_name) VALUES('hud outcome code','103','Received second mortgage','',4,'Y',getdate(),'Installation','SQL Studio',getdate(),'Installation','SQL Studio');
INSERT INTO ref_code_item(ref_code_set_name,code,code_desc,code_comment,sort_order,active_ind,create_dt,create_user_id,create_app_name,chg_lst_dt,chg_lst_user_id,chg_lst_app_name) VALUES('hud outcome code','104','Initiated forbearance agreement/repayment plan','',5,'Y',getdate(),'Installation','SQL Studio',getdate(),'Installation','SQL Studio');
INSERT INTO ref_code_item(ref_code_set_name,code,code_desc,code_comment,sort_order,active_ind,create_dt,create_user_id,create_app_name,chg_lst_dt,chg_lst_user_id,chg_lst_app_name) VALUES('hud outcome code','105','Executed a deed-in-lieu','',6,'Y',getdate(),'Installation','SQL Studio',getdate(),'Installation','SQL Studio');
INSERT INTO ref_code_item(ref_code_set_name,code,code_desc,code_comment,sort_order,active_ind,create_dt,create_user_id,create_app_name,chg_lst_dt,chg_lst_user_id,chg_lst_app_name) VALUES('hud outcome code','106','Sold property/chose alternative housing solution','',7,'Y',getdate(),'Installation','SQL Studio',getdate(),'Installation','SQL Studio');
INSERT INTO ref_code_item(ref_code_set_name,code,code_desc,code_comment,sort_order,active_ind,create_dt,create_user_id,create_app_name,chg_lst_dt,chg_lst_user_id,chg_lst_app_name) VALUES('hud outcome code','107','Pre-foreclosure sale','',8,'Y',getdate(),'Installation','SQL Studio',getdate(),'Installation','SQL Studio');
INSERT INTO ref_code_item(ref_code_set_name,code,code_desc,code_comment,sort_order,active_ind,create_dt,create_user_id,create_app_name,chg_lst_dt,chg_lst_user_id,chg_lst_app_name) VALUES('hud outcome code','108','Mortgage foreclosed','',9,'Y',getdate(),'Installation','SQL Studio',getdate(),'Installation','SQL Studio');
INSERT INTO ref_code_item(ref_code_set_name,code,code_desc,code_comment,sort_order,active_ind,create_dt,create_user_id,create_app_name,chg_lst_dt,chg_lst_user_id,chg_lst_app_name) VALUES('hud outcome code','109','Counseled and referred to another social service or emergency assistance agency','',10,'Y',getdate(),'Installation','SQL Studio',getdate(),'Installation','SQL Studio');
INSERT INTO ref_code_item(ref_code_set_name,code,code_desc,code_comment,sort_order,active_ind,create_dt,create_user_id,create_app_name,chg_lst_dt,chg_lst_user_id,chg_lst_app_name) VALUES('hud outcome code','110','Obtained partial claim loan from FHA lender','',11,'Y',getdate(),'Installation','SQL Studio',getdate(),'Installation','SQL Studio');
INSERT INTO ref_code_item(ref_code_set_name,code,code_desc,code_comment,sort_order,active_ind,create_dt,create_user_id,create_app_name,chg_lst_dt,chg_lst_user_id,chg_lst_app_name) VALUES('hud outcome code','111','Bankruptcy','',12,'Y',getdate(),'Installation','SQL Studio',getdate(),'Installation','SQL Studio');
INSERT INTO ref_code_item(ref_code_set_name,code,code_desc,code_comment,sort_order,active_ind,create_dt,create_user_id,create_app_name,chg_lst_dt,chg_lst_user_id,chg_lst_app_name) VALUES('hud outcome code','112','Entered debt management plan','',13,'Y',getdate(),'Installation','SQL Studio',getdate(),'Installation','SQL Studio');
INSERT INTO ref_code_item(ref_code_set_name,code,code_desc,code_comment,sort_order,active_ind,create_dt,create_user_id,create_app_name,chg_lst_dt,chg_lst_user_id,chg_lst_app_name) VALUES('hud outcome code','113','Counseled and referred for legal assistance','',14,'Y',getdate(),'Installation','SQL Studio',getdate(),'Installation','SQL Studio');
INSERT INTO ref_code_item(ref_code_set_name,code,code_desc,code_comment,sort_order,active_ind,create_dt,create_user_id,create_app_name,chg_lst_dt,chg_lst_user_id,chg_lst_app_name) VALUES('hud outcome code','114','Currently receiving foreclosure prevention/budget counseling','',15,'Y',getdate(),'Installation','SQL Studio',getdate(),'Installation','SQL Studio');
INSERT INTO ref_code_item(ref_code_set_name,code,code_desc,code_comment,sort_order,active_ind,create_dt,create_user_id,create_app_name,chg_lst_dt,chg_lst_user_id,chg_lst_app_name) VALUES('hud outcome code','115','Withdrew from counseling','',16,'Y',getdate(),'Installation','SQL Studio',getdate(),'Installation','SQL Studio');
INSERT INTO ref_code_item(ref_code_set_name,code,code_desc,code_comment,sort_order,active_ind,create_dt,create_user_id,create_app_name,chg_lst_dt,chg_lst_user_id,chg_lst_app_name) VALUES('hud outcome code','116','Other','',17,'Y',getdate(),'Installation','SQL Studio',getdate(),'Installation','SQL Studio');

INSERT INTO ref_code_item(ref_code_set_name,code,code_desc,code_comment,sort_order,active_ind,create_dt,create_user_id,create_app_name,chg_lst_dt,chg_lst_user_id,chg_lst_app_name) VALUES('hud termination reason code','501','Clients needs have been met/situation resolved','',1,'Y',getdate(),'Installation','SQL Studio',getdate(),'Installation','SQL Studio');
INSERT INTO ref_code_item(ref_code_set_name,code,code_desc,code_comment,sort_order,active_ind,create_dt,create_user_id,create_app_name,chg_lst_dt,chg_lst_user_id,chg_lst_app_name) VALUES('hud termination reason code','502','Agency determines addtl counseling would not resolve situation','',2,'Y',getdate(),'Installation','SQL Studio',getdate(),'Installation','SQL Studio');
INSERT INTO ref_code_item(ref_code_set_name,code,code_desc,code_comment,sort_order,active_ind,create_dt,create_user_id,create_app_name,chg_lst_dt,chg_lst_user_id,chg_lst_app_name) VALUES('hud termination reason code','503','Unable to contact client','',3,'Y',getdate(),'Installation','SQL Studio',getdate(),'Installation','SQL Studio');
INSERT INTO ref_code_item(ref_code_set_name,code,code_desc,code_comment,sort_order,active_ind,create_dt,create_user_id,create_app_name,chg_lst_dt,chg_lst_user_id,chg_lst_app_name) VALUES('hud termination reason code','504','Client has not followed agreed upon action plan','',4,'Y',getdate(),'Installation','SQL Studio',getdate(),'Installation','SQL Studio');
INSERT INTO ref_code_item(ref_code_set_name,code,code_desc,code_comment,sort_order,active_ind,create_dt,create_user_id,create_app_name,chg_lst_dt,chg_lst_user_id,chg_lst_app_name) VALUES('hud termination reason code','505','Client terminated counseling','',5,'Y',getdate(),'Installation','SQL Studio',getdate(),'Installation','SQL Studio');
INSERT INTO ref_code_item(ref_code_set_name,code,code_desc,code_comment,sort_order,active_ind,create_dt,create_user_id,create_app_name,chg_lst_dt,chg_lst_user_id,chg_lst_app_name) VALUES('hud termination reason code','506','Client failed to attend counseling appointment','',6,'Y',getdate(),'Installation','SQL Studio',getdate(),'Installation','SQL Studio');

INSERT INTO ref_code_item(ref_code_set_name,code,code_desc,code_comment,sort_order,active_ind,create_dt,create_user_id,create_app_name,chg_lst_dt,chg_lst_user_id,chg_lst_app_name) VALUES('income earners code','0','0','',1,'Y',getdate(),'Installation','SQL Studio',getdate(),'Installation','SQL Studio');
INSERT INTO ref_code_item(ref_code_set_name,code,code_desc,code_comment,sort_order,active_ind,create_dt,create_user_id,create_app_name,chg_lst_dt,chg_lst_user_id,chg_lst_app_name) VALUES('income earners code','1','1','',2,'Y',getdate(),'Installation','SQL Studio',getdate(),'Installation','SQL Studio');
INSERT INTO ref_code_item(ref_code_set_name,code,code_desc,code_comment,sort_order,active_ind,create_dt,create_user_id,create_app_name,chg_lst_dt,chg_lst_user_id,chg_lst_app_name) VALUES('income earners code','2','2','',3,'Y',getdate(),'Installation','SQL Studio',getdate(),'Installation','SQL Studio');
INSERT INTO ref_code_item(ref_code_set_name,code,code_desc,code_comment,sort_order,active_ind,create_dt,create_user_id,create_app_name,chg_lst_dt,chg_lst_user_id,chg_lst_app_name) VALUES('income earners code','3','3','',4,'Y',getdate(),'Installation','SQL Studio',getdate(),'Installation','SQL Studio');
INSERT INTO ref_code_item(ref_code_set_name,code,code_desc,code_comment,sort_order,active_ind,create_dt,create_user_id,create_app_name,chg_lst_dt,chg_lst_user_id,chg_lst_app_name) VALUES('income earners code','4','4','',5,'Y',getdate(),'Installation','SQL Studio',getdate(),'Installation','SQL Studio');
INSERT INTO ref_code_item(ref_code_set_name,code,code_desc,code_comment,sort_order,active_ind,create_dt,create_user_id,create_app_name,chg_lst_dt,chg_lst_user_id,chg_lst_app_name) VALUES('income earners code','5','5','',6,'Y',getdate(),'Installation','SQL Studio',getdate(),'Installation','SQL Studio');
INSERT INTO ref_code_item(ref_code_set_name,code,code_desc,code_comment,sort_order,active_ind,create_dt,create_user_id,create_app_name,chg_lst_dt,chg_lst_user_id,chg_lst_app_name) VALUES('income earners code','6+','6+','',7,'Y',getdate(),'Installation','SQL Studio',getdate(),'Installation','SQL Studio');
INSERT INTO ref_code_item(ref_code_set_name,code,code_desc,code_comment,sort_order,active_ind,create_dt,create_user_id,create_app_name,chg_lst_dt,chg_lst_user_id,chg_lst_app_name) VALUES('income earners code','UNK','Unknown','',8,'Y',getdate(),'Installation','SQL Studio',getdate(),'Installation','SQL Studio');

INSERT INTO ref_code_item(ref_code_set_name,code,code_desc,code_comment,sort_order,active_ind,create_dt,create_user_id,create_app_name,chg_lst_dt,chg_lst_user_id,chg_lst_app_name) VALUES('loan 1st 2nd code','1ST','1st Mortgage','',1,'Y',getdate(),'Installation','SQL Studio',getdate(),'Installation','SQL Studio');
INSERT INTO ref_code_item(ref_code_set_name,code,code_desc,code_comment,sort_order,active_ind,create_dt,create_user_id,create_app_name,chg_lst_dt,chg_lst_user_id,chg_lst_app_name) VALUES('loan 1st 2nd code','2ND','2nd Mortgage','',2,'Y',getdate(),'Installation','SQL Studio',getdate(),'Installation','SQL Studio');

INSERT INTO ref_code_item(ref_code_set_name,code,code_desc,code_comment,sort_order,active_ind,create_dt,create_user_id,create_app_name,chg_lst_dt,chg_lst_user_id,chg_lst_app_name) VALUES('loan delinquency status code','CUR','Current','',1,'Y',getdate(),'Installation','SQL Studio',getdate(),'Installation','SQL Studio');
INSERT INTO ref_code_item(ref_code_set_name,code,code_desc,code_comment,sort_order,active_ind,create_dt,create_user_id,create_app_name,chg_lst_dt,chg_lst_user_id,chg_lst_app_name) VALUES('loan delinquency status code','<30','<30 days','',2,'Y',getdate(),'Installation','SQL Studio',getdate(),'Installation','SQL Studio');
INSERT INTO ref_code_item(ref_code_set_name,code,code_desc,code_comment,sort_order,active_ind,create_dt,create_user_id,create_app_name,chg_lst_dt,chg_lst_user_id,chg_lst_app_name) VALUES('loan delinquency status code','30-59','30 - 59 days','',3,'Y',getdate(),'Installation','SQL Studio',getdate(),'Installation','SQL Studio');
INSERT INTO ref_code_item(ref_code_set_name,code,code_desc,code_comment,sort_order,active_ind,create_dt,create_user_id,create_app_name,chg_lst_dt,chg_lst_user_id,chg_lst_app_name) VALUES('loan delinquency status code','60-89','60 - 89 days','',4,'Y',getdate(),'Installation','SQL Studio',getdate(),'Installation','SQL Studio');
INSERT INTO ref_code_item(ref_code_set_name,code,code_desc,code_comment,sort_order,active_ind,create_dt,create_user_id,create_app_name,chg_lst_dt,chg_lst_user_id,chg_lst_app_name) VALUES('loan delinquency status code','90-119','90 - 119 days','',5,'Y',getdate(),'Installation','SQL Studio',getdate(),'Installation','SQL Studio');
INSERT INTO ref_code_item(ref_code_set_name,code,code_desc,code_comment,sort_order,active_ind,create_dt,create_user_id,create_app_name,chg_lst_dt,chg_lst_user_id,chg_lst_app_name) VALUES('loan delinquency status code','120+','120+ days','',6,'Y',getdate(),'Installation','SQL Studio',getdate(),'Installation','SQL Studio');
INSERT INTO ref_code_item(ref_code_set_name,code,code_desc,code_comment,sort_order,active_ind,create_dt,create_user_id,create_app_name,chg_lst_dt,chg_lst_user_id,chg_lst_app_name) VALUES('loan delinquency status code','UNK','Unknown','',7,'Y',getdate(),'Installation','SQL Studio',getdate(),'Installation','SQL Studio');

INSERT INTO ref_code_item(ref_code_set_name,code,code_desc,code_comment,sort_order,active_ind,create_dt,create_user_id,create_app_name,chg_lst_dt,chg_lst_user_id,chg_lst_app_name) VALUES('military service code','ACTV','Active','Current',3,'Y',getdate(),'Installation','SQL Studio',getdate(),'Installation','SQL Studio');
INSERT INTO ref_code_item(ref_code_set_name,code,code_desc,code_comment,sort_order,active_ind,create_dt,create_user_id,create_app_name,chg_lst_dt,chg_lst_user_id,chg_lst_app_name) VALUES('military service code','VET','Veteran','Veteran',1,'Y',getdate(),'Installation','SQL Studio',getdate(),'Installation','SQL Studio');

INSERT INTO ref_code_item(ref_code_set_name,code,code_desc,code_comment,sort_order,active_ind,create_dt,create_user_id,create_app_name,chg_lst_dt,chg_lst_user_id,chg_lst_app_name) VALUES('mortgage type code','ARM','Adjustable Rate Mortgage','',1,'Y',getdate(),'Installation','SQL Studio',getdate(),'Installation','SQL Studio');
INSERT INTO ref_code_item(ref_code_set_name,code,code_desc,code_comment,sort_order,active_ind,create_dt,create_user_id,create_app_name,chg_lst_dt,chg_lst_user_id,chg_lst_app_name) VALUES('mortgage type code','FIXED','Fixed Rate Mortgage','',2,'Y',getdate(),'Installation','SQL Studio',getdate(),'Installation','SQL Studio');
INSERT INTO ref_code_item(ref_code_set_name,code,code_desc,code_comment,sort_order,active_ind,create_dt,create_user_id,create_app_name,chg_lst_dt,chg_lst_user_id,chg_lst_app_name) VALUES('mortgage type code','POA','Payment Option ARM','',3,'Y',getdate(),'Installation','SQL Studio',getdate(),'Installation','SQL Studio');
INSERT INTO ref_code_item(ref_code_set_name,code,code_desc,code_comment,sort_order,active_ind,create_dt,create_user_id,create_app_name,chg_lst_dt,chg_lst_user_id,chg_lst_app_name) VALUES('mortgage type code','INTONLY','Interest Only','',4,'Y',getdate(),'Installation','SQL Studio',getdate(),'Installation','SQL Studio');
INSERT INTO ref_code_item(ref_code_set_name,code,code_desc,code_comment,sort_order,active_ind,create_dt,create_user_id,create_app_name,chg_lst_dt,chg_lst_user_id,chg_lst_app_name) VALUES('mortgage type code','HYBARM','Hybrid Arm','',5,'Y',getdate(),'Installation','SQL Studio',getdate(),'Installation','SQL Studio');
INSERT INTO ref_code_item(ref_code_set_name,code,code_desc,code_comment,sort_order,active_ind,create_dt,create_user_id,create_app_name,chg_lst_dt,chg_lst_user_id,chg_lst_app_name) VALUES('mortgage type code','UNK','Homeowner does not know','',6,'Y',getdate(),'Installation','SQL Studio',getdate(),'Installation','SQL Studio');

INSERT INTO ref_code_item(ref_code_set_name,code,code_desc,code_comment,sort_order,active_ind,create_dt,create_user_id,create_app_name,chg_lst_dt,chg_lst_user_id,chg_lst_app_name) VALUES('race code','1','American Indian/Alaskan Native','',1,'Y',getdate(),'Installation','SQL Studio',getdate(),'Installation','SQL Studio');
INSERT INTO ref_code_item(ref_code_set_name,code,code_desc,code_comment,sort_order,active_ind,create_dt,create_user_id,create_app_name,chg_lst_dt,chg_lst_user_id,chg_lst_app_name) VALUES('race code','2','Asian','',2,'Y',getdate(),'Installation','SQL Studio',getdate(),'Installation','SQL Studio');
INSERT INTO ref_code_item(ref_code_set_name,code,code_desc,code_comment,sort_order,active_ind,create_dt,create_user_id,create_app_name,chg_lst_dt,chg_lst_user_id,chg_lst_app_name) VALUES('race code','3','Black of African American','',3,'Y',getdate(),'Installation','SQL Studio',getdate(),'Installation','SQL Studio');
INSERT INTO ref_code_item(ref_code_set_name,code,code_desc,code_comment,sort_order,active_ind,create_dt,create_user_id,create_app_name,chg_lst_dt,chg_lst_user_id,chg_lst_app_name) VALUES('race code','4','Native Hawaiian/Other Pacific Islander','',4,'Y',getdate(),'Installation','SQL Studio',getdate(),'Installation','SQL Studio');
INSERT INTO ref_code_item(ref_code_set_name,code,code_desc,code_comment,sort_order,active_ind,create_dt,create_user_id,create_app_name,chg_lst_dt,chg_lst_user_id,chg_lst_app_name) VALUES('race code','5','White','',5,'Y',getdate(),'Installation','SQL Studio',getdate(),'Installation','SQL Studio');
INSERT INTO ref_code_item(ref_code_set_name,code,code_desc,code_comment,sort_order,active_ind,create_dt,create_user_id,create_app_name,chg_lst_dt,chg_lst_user_id,chg_lst_app_name) VALUES('race code','6','Amer. Ind. or AK Native and White','',6,'Y',getdate(),'Installation','SQL Studio',getdate(),'Installation','SQL Studio');
INSERT INTO ref_code_item(ref_code_set_name,code,code_desc,code_comment,sort_order,active_ind,create_dt,create_user_id,create_app_name,chg_lst_dt,chg_lst_user_id,chg_lst_app_name) VALUES('race code','7','Asian and White','',7,'Y',getdate(),'Installation','SQL Studio',getdate(),'Installation','SQL Studio');
INSERT INTO ref_code_item(ref_code_set_name,code,code_desc,code_comment,sort_order,active_ind,create_dt,create_user_id,create_app_name,chg_lst_dt,chg_lst_user_id,chg_lst_app_name) VALUES('race code','8','Black or African American and White','',8,'Y',getdate(),'Installation','SQL Studio',getdate(),'Installation','SQL Studio');
INSERT INTO ref_code_item(ref_code_set_name,code,code_desc,code_comment,sort_order,active_ind,create_dt,create_user_id,create_app_name,chg_lst_dt,chg_lst_user_id,chg_lst_app_name) VALUES('race code','9','Amer. Ind. or AK Native and Afr. Amer.','',9,'Y',getdate(),'Installation','SQL Studio',getdate(),'Installation','SQL Studio');
INSERT INTO ref_code_item(ref_code_set_name,code,code_desc,code_comment,sort_order,active_ind,create_dt,create_user_id,create_app_name,chg_lst_dt,chg_lst_user_id,chg_lst_app_name) VALUES('race code','10','Other multiple race','',10,'Y',getdate(),'Installation','SQL Studio',getdate(),'Installation','SQL Studio');
INSERT INTO ref_code_item(ref_code_set_name,code,code_desc,code_comment,sort_order,active_ind,create_dt,create_user_id,create_app_name,chg_lst_dt,chg_lst_user_id,chg_lst_app_name) VALUES('race code','11','Chose not to respond','',11,'Y',getdate(),'Installation','SQL Studio',getdate(),'Installation','SQL Studio');


INSERT INTO ref_code_item(ref_code_set_name,code,code_desc,code_comment,sort_order,active_ind,create_dt,create_user_id,create_app_name,chg_lst_dt,chg_lst_user_id,chg_lst_app_name) VALUES('property code','1','Single Family Detached','',1,'Y',getdate(),'Installation','SQL Studio',getdate(),'Installation','SQL Studio');
INSERT INTO ref_code_item(ref_code_set_name,code,code_desc,code_comment,sort_order,active_ind,create_dt,create_user_id,create_app_name,chg_lst_dt,chg_lst_user_id,chg_lst_app_name) VALUES('property code','2','Townhouse','',2,'Y',getdate(),'Installation','SQL Studio',getdate(),'Installation','SQL Studio');
INSERT INTO ref_code_item(ref_code_set_name,code,code_desc,code_comment,sort_order,active_ind,create_dt,create_user_id,create_app_name,chg_lst_dt,chg_lst_user_id,chg_lst_app_name) VALUES('property code','3','Condominium','',3,'Y',getdate(),'Installation','SQL Studio',getdate(),'Installation','SQL Studio');
INSERT INTO ref_code_item(ref_code_set_name,code,code_desc,code_comment,sort_order,active_ind,create_dt,create_user_id,create_app_name,chg_lst_dt,chg_lst_user_id,chg_lst_app_name) VALUES('property code','4','Multifamily','',4,'Y',getdate(),'Installation','SQL Studio',getdate(),'Installation','SQL Studio');
INSERT INTO ref_code_item(ref_code_set_name,code,code_desc,code_comment,sort_order,active_ind,create_dt,create_user_id,create_app_name,chg_lst_dt,chg_lst_user_id,chg_lst_app_name) VALUES('property code','5','Other','',5,'Y',getdate(),'Installation','SQL Studio',getdate(),'Installation','SQL Studio');
INSERT INTO ref_code_item(ref_code_set_name,code,code_desc,code_comment,sort_order,active_ind,create_dt,create_user_id,create_app_name,chg_lst_dt,chg_lst_user_id,chg_lst_app_name) VALUES('property code','6','Manufactured','',6,'Y',getdate(),'Installation','SQL Studio',getdate(),'Installation','SQL Studio');
INSERT INTO ref_code_item(ref_code_set_name,code,code_desc,code_comment,sort_order,active_ind,create_dt,create_user_id,create_app_name,chg_lst_dt,chg_lst_user_id,chg_lst_app_name) VALUES('property code','7','Mobile Home','',7,'Y',getdate(),'Installation','SQL Studio',getdate(),'Installation','SQL Studio');
INSERT INTO ref_code_item(ref_code_set_name,code,code_desc,code_comment,sort_order,active_ind,create_dt,create_user_id,create_app_name,chg_lst_dt,chg_lst_user_id,chg_lst_app_name) VALUES('property code','8','2-4 Unit','',8,'Y',getdate(),'Installation','SQL Studio',getdate(),'Installation','SQL Studio');
INSERT INTO ref_code_item(ref_code_set_name,code,code_desc,code_comment,sort_order,active_ind,create_dt,create_user_id,create_app_name,chg_lst_dt,chg_lst_user_id,chg_lst_app_name) VALUES('property code','9','Cooperative','',9,'Y',getdate(),'Installation','SQL Studio',getdate(),'Installation','SQL Studio');
INSERT INTO ref_code_item(ref_code_set_name,code,code_desc,code_comment,sort_order,active_ind,create_dt,create_user_id,create_app_name,chg_lst_dt,chg_lst_user_id,chg_lst_app_name) VALUES('property code','A','Church','',10,'Y',getdate(),'Installation','SQL Studio',getdate(),'Installation','SQL Studio');
INSERT INTO ref_code_item(ref_code_set_name,code,code_desc,code_comment,sort_order,active_ind,create_dt,create_user_id,create_app_name,chg_lst_dt,chg_lst_user_id,chg_lst_app_name) VALUES('property code','B','Commercial Non Residential','',11,'Y',getdate(),'Installation','SQL Studio',getdate(),'Installation','SQL Studio');
INSERT INTO ref_code_item(ref_code_set_name,code,code_desc,code_comment,sort_order,active_ind,create_dt,create_user_id,create_app_name,chg_lst_dt,chg_lst_user_id,chg_lst_app_name) VALUES('property code','C','Land and Lots','',12,'Y',getdate(),'Installation','SQL Studio',getdate(),'Installation','SQL Studio');
INSERT INTO ref_code_item(ref_code_set_name,code,code_desc,code_comment,sort_order,active_ind,create_dt,create_user_id,create_app_name,chg_lst_dt,chg_lst_user_id,chg_lst_app_name) VALUES('property code','D','Farmland','',13,'Y',getdate(),'Installation','SQL Studio',getdate(),'Installation','SQL Studio');
INSERT INTO ref_code_item(ref_code_set_name,code,code_desc,code_comment,sort_order,active_ind,create_dt,create_user_id,create_app_name,chg_lst_dt,chg_lst_user_id,chg_lst_app_name) VALUES('property code','E','Mixed Use residential','',14,'Y',getdate(),'Installation','SQL Studio',getdate(),'Installation','SQL Studio');
INSERT INTO ref_code_item(ref_code_set_name,code,code_desc,code_comment,sort_order,active_ind,create_dt,create_user_id,create_app_name,chg_lst_dt,chg_lst_user_id,chg_lst_app_name) VALUES('property code','F','Home and Business Combined','',15,'Y',getdate(),'Installation','SQL Studio',getdate(),'Installation','SQL Studio');
INSERT INTO ref_code_item(ref_code_set_name,code,code_desc,code_comment,sort_order,active_ind,create_dt,create_user_id,create_app_name,chg_lst_dt,chg_lst_user_id,chg_lst_app_name) VALUES('property code','U','Unsecured','',16,'Y',getdate(),'Installation','SQL Studio',getdate(),'Installation','SQL Studio');

INSERT INTO ref_code_item(ref_code_set_name,code,code_desc,code_comment,sort_order,active_ind,create_dt,create_user_id,create_app_name,chg_lst_dt,chg_lst_user_id,chg_lst_app_name) VALUES('summary sent other code','FAX','Fax','',1,'Y',getdate(),'Installation','SQL Studio',getdate(),'Installation','SQL Studio');
INSERT INTO ref_code_item(ref_code_set_name,code,code_desc,code_comment,sort_order,active_ind,create_dt,create_user_id,create_app_name,chg_lst_dt,chg_lst_user_id,chg_lst_app_name) VALUES('summary sent other code','PHONE','Phone','',2,'Y',getdate(),'Installation','SQL Studio',getdate(),'Installation','SQL Studio');
INSERT INTO ref_code_item(ref_code_set_name,code,code_desc,code_comment,sort_order,active_ind,create_dt,create_user_id,create_app_name,chg_lst_dt,chg_lst_user_id,chg_lst_app_name) VALUES('summary sent other code','MULTIPLE','Multiple Transmission Methods','',3,'Y',getdate(),'Installation','SQL Studio',getdate(),'Installation','SQL Studio');

INSERT INTO ref_code_item(ref_code_set_name,code,code_desc,code_comment,sort_order,active_ind,create_dt,create_user_id,create_app_name,chg_lst_dt,chg_lst_user_id,chg_lst_app_name) VALUES('term length code','1', '1','',1,'Y',getdate(),'Installation','SQL Studio',getdate(),'Installation','SQL Studio');
INSERT INTO ref_code_item(ref_code_set_name,code,code_desc,code_comment,sort_order,active_ind,create_dt,create_user_id,create_app_name,chg_lst_dt,chg_lst_user_id,chg_lst_app_name) VALUES('term length code','3','3','',2,'Y',getdate(),'Installation','SQL Studio',getdate(),'Installation','SQL Studio');
INSERT INTO ref_code_item(ref_code_set_name,code,code_desc,code_comment,sort_order,active_ind,create_dt,create_user_id,create_app_name,chg_lst_dt,chg_lst_user_id,chg_lst_app_name) VALUES('term length code','5','5','',3,'Y',getdate(),'Installation','SQL Studio',getdate(),'Installation','SQL Studio');
INSERT INTO ref_code_item(ref_code_set_name,code,code_desc,code_comment,sort_order,active_ind,create_dt,create_user_id,create_app_name,chg_lst_dt,chg_lst_user_id,chg_lst_app_name) VALUES('term length code','7','7','',4,'Y',getdate(),'Installation','SQL Studio',getdate(),'Installation','SQL Studio');
INSERT INTO ref_code_item(ref_code_set_name,code,code_desc,code_comment,sort_order,active_ind,create_dt,create_user_id,create_app_name,chg_lst_dt,chg_lst_user_id,chg_lst_app_name) VALUES('term length code','10','10','',5,'Y',getdate(),'Installation','SQL Studio',getdate(),'Installation','SQL Studio');
INSERT INTO ref_code_item(ref_code_set_name,code,code_desc,code_comment,sort_order,active_ind,create_dt,create_user_id,create_app_name,chg_lst_dt,chg_lst_user_id,chg_lst_app_name) VALUES('term length code','15','15','',6,'Y',getdate(),'Installation','SQL Studio',getdate(),'Installation','SQL Studio');
INSERT INTO ref_code_item(ref_code_set_name,code,code_desc,code_comment,sort_order,active_ind,create_dt,create_user_id,create_app_name,chg_lst_dt,chg_lst_user_id,chg_lst_app_name) VALUES('term length code','20','20','',7,'Y',getdate(),'Installation','SQL Studio',getdate(),'Installation','SQL Studio');
INSERT INTO ref_code_item(ref_code_set_name,code,code_desc,code_comment,sort_order,active_ind,create_dt,create_user_id,create_app_name,chg_lst_dt,chg_lst_user_id,chg_lst_app_name) VALUES('term length code','30','30','',8,'Y',getdate(),'Installation','SQL Studio',getdate(),'Installation','SQL Studio');
INSERT INTO ref_code_item(ref_code_set_name,code,code_desc,code_comment,sort_order,active_ind,create_dt,create_user_id,create_app_name,chg_lst_dt,chg_lst_user_id,chg_lst_app_name) VALUES('term length code','40','40','',9,'Y',getdate(),'Installation','SQL Studio',getdate(),'Installation','SQL Studio');
INSERT INTO ref_code_item(ref_code_set_name,code,code_desc,code_comment,sort_order,active_ind,create_dt,create_user_id,create_app_name,chg_lst_dt,chg_lst_user_id,chg_lst_app_name) VALUES('term length code','UNK','Unknown','',10,'Y',getdate(),'Installation','SQL Studio',getdate(),'Installation','SQL Studio');
INSERT INTO ref_code_item(ref_code_set_name,code,code_desc,code_comment,sort_order,active_ind,create_dt,create_user_id,create_app_name,chg_lst_dt,chg_lst_user_id,chg_lst_app_name) VALUES('term length code','OTHER', 'Other','',11,'Y',getdate(),'Installation','SQL Studio',getdate(),'Installation','SQL Studio');

INSERT INTO ref_code_item(ref_code_set_name,code,code_desc,code_comment,sort_order,active_ind,create_dt,create_user_id,create_app_name,chg_lst_dt,chg_lst_user_id,chg_lst_app_name) VALUES('marital status code', 'NM', 'Never Married	','', 1,'Y',getdate(),'Installation','SQL Studio',getdate(),'Installation','SQL Studio');
INSERT INTO ref_code_item(ref_code_set_name,code,code_desc,code_comment,sort_order,active_ind,create_dt,create_user_id,create_app_name,chg_lst_dt,chg_lst_user_id,chg_lst_app_name) VALUES('marital status code', 'M', 'Married','', 2,'Y',getdate(),'Installation','SQL Studio',getdate(),'Installation','SQL Studio');
INSERT INTO ref_code_item(ref_code_set_name,code,code_desc,code_comment,sort_order,active_ind,create_dt,create_user_id,create_app_name,chg_lst_dt,chg_lst_user_id,chg_lst_app_name) VALUES('marital status code', 'W', 'Widowed','', 3,'Y',getdate(),'Installation','SQL Studio',getdate(),'Installation','SQL Studio');
INSERT INTO ref_code_item(ref_code_set_name,code,code_desc,code_comment,sort_order,active_ind,create_dt,create_user_id,create_app_name,chg_lst_dt,chg_lst_user_id,chg_lst_app_name) VALUES('marital status code', 'D', 'Divorced','', 4,'Y',getdate(),'Installation','SQL Studio',getdate(),'Installation','SQL Studio');
INSERT INTO ref_code_item(ref_code_set_name,code,code_desc,code_comment,sort_order,active_ind,create_dt,create_user_id,create_app_name,chg_lst_dt,chg_lst_user_id,chg_lst_app_name) VALUES('payment code', 'CHECK', 'Check','', 1,'Y',getdate(),'Installation','SQL Studio',getdate(),'Installation','SQL Studio');
INSERT INTO ref_code_item(ref_code_set_name,code,code_desc,code_comment,sort_order,active_ind,create_dt,create_user_id,create_app_name,chg_lst_dt,chg_lst_user_id,chg_lst_app_name) VALUES('payment code', 'EFT', 'Electronic Funds Transfer','', 2,'Y',getdate(),'Installation','SQL Studio',getdate(),'Installation','SQL Studio');
INSERT INTO ref_code_item(ref_code_set_name,code,code_desc,code_comment,sort_order,active_ind,create_dt,create_user_id,create_app_name,chg_lst_dt,chg_lst_user_id,chg_lst_app_name) VALUES('payment code', 'WIRE', 'Wire Transfer','', 3,'Y',getdate(),'Installation','SQL Studio',getdate(),'Installation','SQL Studio');
INSERT INTO ref_code_item(ref_code_set_name,code,code_desc,code_comment,sort_order,active_ind,create_dt,create_user_id,create_app_name,chg_lst_dt,chg_lst_user_id,chg_lst_app_name) VALUES('payment code', 'INTERNALTRANS', 'Internal Transfer','', 4,'Y',getdate(),'Installation','SQL Studio',getdate(),'Installation','SQL Studio');

INSERT INTO ref_code_item(ref_code_set_name,code,code_desc,code_comment,sort_order,active_ind,create_dt,create_user_id,create_app_name,chg_lst_dt,chg_lst_user_id,chg_lst_app_name) VALUES('payment reject reason code', 'UTL', 'Unable to locate loan in portfolio','', 1,'Y',getdate(),'Installation','SQL Studio',getdate(),'Installation','SQL Studio');
INSERT INTO ref_code_item(ref_code_set_name,code,code_desc,code_comment,sort_order,active_ind,create_dt,create_user_id,create_app_name,chg_lst_dt,chg_lst_user_id,chg_lst_app_name) VALUES('payment reject reason code', 'DOCS', 'Invalid counseling documentation','', 2,'Y',getdate(),'Installation','SQL Studio',getdate(),'Installation','SQL Studio');
INSERT INTO ref_code_item(ref_code_set_name,code,code_desc,code_comment,sort_order,active_ind,create_dt,create_user_id,create_app_name,chg_lst_dt,chg_lst_user_id,chg_lst_app_name) VALUES('payment reject reason code', 'PIF', 'Paid in full prior to counseling','', 3,'Y',getdate(),'Installation','SQL Studio',getdate(),'Installation','SQL Studio');
INSERT INTO ref_code_item(ref_code_set_name,code,code_desc,code_comment,sort_order,active_ind,create_dt,create_user_id,create_app_name,chg_lst_dt,chg_lst_user_id,chg_lst_app_name) VALUES('payment reject reason code', 'BK', 'Bankruptcy','', 4,'Y',getdate(),'Installation','SQL Studio',getdate(),'Installation','SQL Studio');
INSERT INTO ref_code_item(ref_code_set_name,code,code_desc,code_comment,sort_order,active_ind,create_dt,create_user_id,create_app_name,chg_lst_dt,chg_lst_user_id,chg_lst_app_name) VALUES('payment reject reason code', 'REO', 'REO','', 5,'Y',getdate(),'Installation','SQL Studio',getdate(),'Installation','SQL Studio');
INSERT INTO ref_code_item(ref_code_set_name,code,code_desc,code_comment,sort_order,active_ind,create_dt,create_user_id,create_app_name,chg_lst_dt,chg_lst_user_id,chg_lst_app_name) VALUES('payment reject reason code', 'FCL', 'Foreclosure sale before counseling','', 6,'Y',getdate(),'Installation','SQL Studio',getdate(),'Installation','SQL Studio');
INSERT INTO ref_code_item(ref_code_set_name,code,code_desc,code_comment,sort_order,active_ind,create_dt,create_user_id,create_app_name,chg_lst_dt,chg_lst_user_id,chg_lst_app_name) VALUES('payment reject reason code', 'FRED', 'Freddie Mac loan','', 7,'Y',getdate(),'Installation','SQL Studio',getdate(),'Installation','SQL Studio');
INSERT INTO ref_code_item(ref_code_set_name,code,code_desc,code_comment,sort_order,active_ind,create_dt,create_user_id,create_app_name,chg_lst_dt,chg_lst_user_id,chg_lst_app_name) VALUES('payment reject reason code', 'DUPE', 'Previously paid/Duplicate','', 8,'Y',getdate(),'Installation','SQL Studio',getdate(),'Installation','SQL Studio');
INSERT INTO ref_code_item(ref_code_set_name,code,code_desc,code_comment,sort_order,active_ind,create_dt,create_user_id,create_app_name,chg_lst_dt,chg_lst_user_id,chg_lst_app_name) VALUES('payment reject reason code','FREDDUPE','Freddie Previously paid/Duplicate','',9,'Y',getdate(),'Installation','SQL Studio',getdate(),'Installation','SQL Studio');
INSERT INTO ref_code_item(ref_code_set_name,code,code_desc,code_comment,sort_order,active_ind,create_dt,create_user_id,create_app_name,chg_lst_dt,chg_lst_user_id,chg_lst_app_name) VALUES('payment reject reason code','NFMCDUPEIN','NFMC Previously Paid/Duplicate In-Network','',10,'Y',getdate(),'Installation','SQL Studio',getdate(),'Installation','SQL Studio');
INSERT INTO ref_code_item(ref_code_set_name,code,code_desc,code_comment,sort_order,active_ind,create_dt,create_user_id,create_app_name,chg_lst_dt,chg_lst_user_id,chg_lst_app_name) VALUES('payment reject reason code','NFMCDUPEOUT','NFMC Previously Paid/Duplicate Out-of-Network','',11,'Y',getdate(),'Installation','SQL Studio',getdate(),'Installation','SQL Studio');

INSERT INTO ref_code_item(ref_code_set_name,code,code_desc,code_comment,sort_order,active_ind,create_dt,create_user_id,create_app_name,chg_lst_dt,chg_lst_user_id,chg_lst_app_name) VALUES('never bill reason code', 'AGENCYPD', 'Paid by Agency','', 1,'Y',getdate(),'Installation','SQL Studio',getdate(),'Installation','SQL Studio');
INSERT INTO ref_code_item(ref_code_set_name,code,code_desc,code_comment,sort_order,active_ind,create_dt,create_user_id,create_app_name,chg_lst_dt,chg_lst_user_id,chg_lst_app_name) VALUES('never bill reason code', 'BOGUS', 'Obviously bogus session','', 2,'Y',getdate(),'Installation','SQL Studio',getdate(),'Installation','SQL Studio');
INSERT INTO ref_code_item(ref_code_set_name,code,code_desc,code_comment,sort_order,active_ind,create_dt,create_user_id,create_app_name,chg_lst_dt,chg_lst_user_id,chg_lst_app_name) VALUES('never bill reason code', 'CCRCBILL', 'Billed in CCRC','',3,'Y',getdate(),'Installation','SQL Studio',getdate(),'Installation','SQL Studio');
INSERT INTO ref_code_item(ref_code_set_name,code,code_desc,code_comment,sort_order,active_ind,create_dt,create_user_id,create_app_name,chg_lst_dt,chg_lst_user_id,chg_lst_app_name) VALUES('never bill reason code', 'DUPE', 'Duplicate','', 4,'Y',getdate(),'Installation','SQL Studio',getdate(),'Installation','SQL Studio');
INSERT INTO ref_code_item(ref_code_set_name,code,code_desc,code_comment,sort_order,active_ind,create_dt,create_user_id,create_app_name,chg_lst_dt,chg_lst_user_id,chg_lst_app_name) VALUES('never bill reason code', 'DUPEMAN', 'Duplicate - Manually Set','',5,'Y',getdate(),'Installation','SQL Studio',getdate(),'Installation','SQL Studio');
INSERT INTO ref_code_item(ref_code_set_name,code,code_desc,code_comment,sort_order,active_ind,create_dt,create_user_id,create_app_name,chg_lst_dt,chg_lst_user_id,chg_lst_app_name) VALUES('never bill reason code', 'OTHER', 'Other reason','', 6,'Y',getdate(),'Installation','SQL Studio',getdate(),'Installation','SQL Studio');
INSERT INTO ref_code_item(ref_code_set_name,code,code_desc,code_comment,sort_order,active_ind,create_dt,create_user_id,create_app_name,chg_lst_dt,chg_lst_user_id,chg_lst_app_name) VALUES('never bill reason code', 'QC', 'Quality Control','', 7,'Y',getdate(),'Installation','SQL Studio',getdate(),'Installation','SQL Studio');
INSERT INTO ref_code_item(ref_code_set_name,code,code_desc,code_comment,sort_order,active_ind,create_dt,create_user_id,create_app_name,chg_lst_dt,chg_lst_user_id,chg_lst_app_name) VALUES('never bill reason code', 'TEST', 'Test session','', 8,'Y',getdate(),'Installation','SQL Studio',getdate(),'Installation','SQL Studio');

INSERT INTO ref_code_item(ref_code_set_name,code,code_desc,code_comment,sort_order,active_ind,create_dt,create_user_id,create_app_name,chg_lst_dt,chg_lst_user_id,chg_lst_app_name) VALUES('never pay reason code', 'BOGUS', 'Obviously bogus session','', 1,'Y',getdate(),'Installation','SQL Studio',getdate(),'Installation','SQL Studio');
INSERT INTO ref_code_item(ref_code_set_name,code,code_desc,code_comment,sort_order,active_ind,create_dt,create_user_id,create_app_name,chg_lst_dt,chg_lst_user_id,chg_lst_app_name) VALUES('never pay reason code', 'CCRCPAID', 'Paid in CCRC','',2,'Y',getdate(),'Installation','SQL Studio',getdate(),'Installation','SQL Studio');
INSERT INTO ref_code_item(ref_code_set_name,code,code_desc,code_comment,sort_order,active_ind,create_dt,create_user_id,create_app_name,chg_lst_dt,chg_lst_user_id,chg_lst_app_name) VALUES('never pay reason code', 'DUPE', 'Duplicate','', 3,'Y',getdate(),'Installation','SQL Studio',getdate(),'Installation','SQL Studio');
INSERT INTO ref_code_item(ref_code_set_name,code,code_desc,code_comment,sort_order,active_ind,create_dt,create_user_id,create_app_name,chg_lst_dt,chg_lst_user_id,chg_lst_app_name) VALUES('never pay reason code', 'DUPEMAN', 'Duplicate - Manually Set','',4,'Y',getdate(),'Installation','SQL Studio',getdate(),'Installation','SQL Studio');
INSERT INTO ref_code_item(ref_code_set_name,code,code_desc,code_comment,sort_order,active_ind,create_dt,create_user_id,create_app_name,chg_lst_dt,chg_lst_user_id,chg_lst_app_name) VALUES('never pay reason code', 'OTHER', 'Other reason','', 5,'Y',getdate(),'Installation','SQL Studio',getdate(),'Installation','SQL Studio');
INSERT INTO ref_code_item(ref_code_set_name,code,code_desc,code_comment,sort_order,active_ind,create_dt,create_user_id,create_app_name,chg_lst_dt,chg_lst_user_id,chg_lst_app_name) VALUES('never pay reason code', 'PREVPAID', 'Previously Paid','', 6,'Y',getdate(),'Installation','SQL Studio',getdate(),'Installation','SQL Studio');
INSERT INTO ref_code_item(ref_code_set_name,code,code_desc,code_comment,sort_order,active_ind,create_dt,create_user_id,create_app_name,chg_lst_dt,chg_lst_user_id,chg_lst_app_name) VALUES('never pay reason code', 'QC', 'Quality Control','', 7,'Y',getdate(),'Installation','SQL Studio',getdate(),'Installation','SQL Studio');
INSERT INTO ref_code_item(ref_code_set_name,code,code_desc,code_comment,sort_order,active_ind,create_dt,create_user_id,create_app_name,chg_lst_dt,chg_lst_user_id,chg_lst_app_name) VALUES('never pay reason code', 'TEST', 'Test session','', 8,'Y',getdate(),'Installation','SQL Studio',getdate(),'Installation','SQL Studio');

INSERT INTO ref_code_item(ref_code_set_name,code,code_desc,code_comment,sort_order,active_ind,create_dt,create_user_id,create_app_name,chg_lst_dt,chg_lst_user_id,chg_lst_app_name) VALUES('agency payable status code', 'ACTIVE', 'Active','', 1,'Y',getdate(),'Installation','SQL Studio',getdate(),'Installation','SQL Studio');
INSERT INTO ref_code_item(ref_code_set_name,code,code_desc,code_comment,sort_order,active_ind,create_dt,create_user_id,create_app_name,chg_lst_dt,chg_lst_user_id,chg_lst_app_name) VALUES('agency payable status code', 'CANCELLED', 'Cancelled','', 2,'Y',getdate(),'Installation','SQL Studio',getdate(),'Installation','SQL Studio');

INSERT INTO ref_code_item(ref_code_set_name,code,code_desc,code_comment,sort_order,active_ind,create_dt,create_user_id,create_app_name,chg_lst_dt,chg_lst_user_id,chg_lst_app_name) VALUES('invoice status code', 'ACTIVE', 'Active','', 1,'Y',getdate(),'Installation','SQL Studio',getdate(),'Installation','SQL Studio');
INSERT INTO ref_code_item(ref_code_set_name,code,code_desc,code_comment,sort_order,active_ind,create_dt,create_user_id,create_app_name,chg_lst_dt,chg_lst_user_id,chg_lst_app_name) VALUES('invoice status code', 'CANCELLED', 'Cancelled','', 2,'Y',getdate(),'Installation','SQL Studio',getdate(),'Installation','SQL Studio');

INSERT INTO ref_code_item(ref_code_set_name,code,code_desc,code_comment,sort_order,active_ind,create_dt,create_user_id,create_app_name,chg_lst_dt,chg_lst_user_id,chg_lst_app_name) VALUES('final disposition code', 'CALL4MORTGCO', 'Calling for Mortgage Company','', 1,'Y',getdate(),'Installation','SQL Studio',getdate(),'Installation','SQL Studio');
INSERT INTO ref_code_item(ref_code_set_name,code,code_desc,code_comment,sort_order,active_ind,create_dt,create_user_id,create_app_name,chg_lst_dt,chg_lst_user_id,chg_lst_app_name) VALUES('final disposition code', 'SRVCRNOANSWER', 'Cannot get through to my servicer','', 2,'Y',getdate(),'Installation','SQL Studio',getdate(),'Installation','SQL Studio');
INSERT INTO ref_code_item(ref_code_set_name,code,code_desc,code_comment,sort_order,active_ind,create_dt,create_user_id,create_app_name,chg_lst_dt,chg_lst_user_id,chg_lst_app_name) VALUES('final disposition code', 'COUNSELORTRANS', 'Counselor Transfer','', 3,'Y',getdate(),'Installation','SQL Studio',getdate(),'Installation','SQL Studio');
INSERT INTO ref_code_item(ref_code_set_name,code,code_desc,code_comment,sort_order,active_ind,create_dt,create_user_id,create_app_name,chg_lst_dt,chg_lst_user_id,chg_lst_app_name) VALUES('final disposition code', 'DECLINEDSESSION', 'Declined Session','', 4,'Y',getdate(),'Installation','SQL Studio',getdate(),'Installation','SQL Studio');
INSERT INTO ref_code_item(ref_code_set_name,code,code_desc,code_comment,sort_order,active_ind,create_dt,create_user_id,create_app_name,chg_lst_dt,chg_lst_user_id,chg_lst_app_name) VALUES('final disposition code', 'GRANTSFUNDS', 'Grants / Funds','', 5,'Y',getdate(),'Installation','SQL Studio',getdate(),'Installation','SQL Studio');
INSERT INTO ref_code_item(ref_code_set_name,code,code_desc,code_comment,sort_order,active_ind,create_dt,create_user_id,create_app_name,chg_lst_dt,chg_lst_user_id,chg_lst_app_name) VALUES('final disposition code', 'HANGUP', 'Hang-up','', 6,'Y',getdate(),'Installation','SQL Studio',getdate(),'Installation','SQL Studio');
INSERT INTO ref_code_item(ref_code_set_name,code,code_desc,code_comment,sort_order,active_ind,create_dt,create_user_id,create_app_name,chg_lst_dt,chg_lst_user_id,chg_lst_app_name) VALUES('final disposition code', 'INFOONLY', 'Info Only','', 7,'Y',getdate(),'Installation','SQL Studio',getdate(),'Installation','SQL Studio');
INSERT INTO ref_code_item(ref_code_set_name,code,code_desc,code_comment,sort_order,active_ind,create_dt,create_user_id,create_app_name,chg_lst_dt,chg_lst_user_id,chg_lst_app_name) VALUES('final disposition code', 'NONOWNERINFO', 'Non-homeowner calling for information','', 8,'Y',getdate(),'Installation','SQL Studio',getdate(),'Installation','SQL Studio');
INSERT INTO ref_code_item(ref_code_set_name,code,code_desc,code_comment,sort_order,active_ind,create_dt,create_user_id,create_app_name,chg_lst_dt,chg_lst_user_id,chg_lst_app_name) VALUES('final disposition code', 'PHONATHON', 'Phonathon - Transfer','', 9,'Y',getdate(),'Installation','SQL Studio',getdate(),'Installation','SQL Studio');
INSERT INTO ref_code_item(ref_code_set_name,code,code_desc,code_comment,sort_order,active_ind,create_dt,create_user_id,create_app_name,chg_lst_dt,chg_lst_user_id,chg_lst_app_name) VALUES('final disposition code', 'SESSIONNOTFOUND', 'Previous Session Not Found','', 10,'Y',getdate(),'Installation','SQL Studio',getdate(),'Installation','SQL Studio');
INSERT INTO ref_code_item(ref_code_set_name,code,code_desc,code_comment,sort_order,active_ind,create_dt,create_user_id,create_app_name,chg_lst_dt,chg_lst_user_id,chg_lst_app_name) VALUES('final disposition code', 'REFER2COUNSELOR', 'Refer to specific counselor','', 11,'Y',getdate(),'Installation','SQL Studio',getdate(),'Installation','SQL Studio');
INSERT INTO ref_code_item(ref_code_set_name,code,code_desc,code_comment,sort_order,active_ind,create_dt,create_user_id,create_app_name,chg_lst_dt,chg_lst_user_id,chg_lst_app_name) VALUES('final disposition code', 'REFER2FACE2FACE', 'Face To Face Referral','', 12,'Y',getdate(),'Installation','SQL Studio',getdate(),'Installation','SQL Studio');
INSERT INTO ref_code_item(ref_code_set_name,code,code_desc,code_comment,sort_order,active_ind,create_dt,create_user_id,create_app_name,chg_lst_dt,chg_lst_user_id,chg_lst_app_name) VALUES('final disposition code', 'REPEATCALL', 'Repeat Call - Transfer','', 13,'Y',getdate(),'Installation','SQL Studio',getdate(),'Installation','SQL Studio');
INSERT INTO ref_code_item(ref_code_set_name,code,code_desc,code_comment,sort_order,active_ind,create_dt,create_user_id,create_app_name,chg_lst_dt,chg_lst_user_id,chg_lst_app_name) VALUES('final disposition code', 'THIRDPARTY', 'Third Party Caller','', 14,'Y',getdate(),'Installation','SQL Studio',getdate(),'Installation','SQL Studio');
INSERT INTO ref_code_item(ref_code_set_name,code,code_desc,code_comment,sort_order,active_ind,create_dt,create_user_id,create_app_name,chg_lst_dt,chg_lst_user_id,chg_lst_app_name) VALUES('final disposition code', 'WRONGNUMBER', 'Wrong number','', 15,'Y',getdate(),'Installation','SQL Studio',getdate(),'Installation','SQL Studio');
INSERT INTO ref_code_item(ref_code_set_name,code,code_desc,code_comment,sort_order,active_ind,create_dt,create_user_id,create_app_name,chg_lst_dt,chg_lst_user_id,chg_lst_app_name) VALUES('final disposition code', 'ESCALATION', 'Escalation','', 16,'Y',getdate(),'Installation','SQL Studio',getdate(),'Installation','SQL Studio');

INSERT INTO ref_code_item(ref_code_set_name,code,code_desc,code_comment,sort_order,active_ind,create_dt,create_user_id,create_app_name,chg_lst_dt,chg_lst_user_id,chg_lst_app_name) VALUES('education level completed code','N','No academic credentials','',1,'Y',getdate(),'Installation','SQL Studio',getdate(),'Installation','SQL Studio');
INSERT INTO ref_code_item(ref_code_set_name,code,code_desc,code_comment,sort_order,active_ind,create_dt,create_user_id,create_app_name,chg_lst_dt,chg_lst_user_id,chg_lst_app_name) VALUES('education level completed code','H','High school diploma or equivalent','',2,'Y',getdate(),'Installation','SQL Studio',getdate(),'Installation','SQL Studio');
INSERT INTO ref_code_item(ref_code_set_name,code,code_desc,code_comment,sort_order,active_ind,create_dt,create_user_id,create_app_name,chg_lst_dt,chg_lst_user_id,chg_lst_app_name) VALUES('education level completed code','T','Trade or craft certificate','',3,'Y',getdate(),'Installation','SQL Studio',getdate(),'Installation','SQL Studio');
INSERT INTO ref_code_item(ref_code_set_name,code,code_desc,code_comment,sort_order,active_ind,create_dt,create_user_id,create_app_name,chg_lst_dt,chg_lst_user_id,chg_lst_app_name) VALUES('education level completed code','A','Associate degree','',4,'Y',getdate(),'Installation','SQL Studio',getdate(),'Installation','SQL Studio');
INSERT INTO ref_code_item(ref_code_set_name,code,code_desc,code_comment,sort_order,active_ind,create_dt,create_user_id,create_app_name,chg_lst_dt,chg_lst_user_id,chg_lst_app_name) VALUES('education level completed code','B','Bachelor''s degree','',5,'Y',getdate(),'Installation','SQL Studio',getdate(),'Installation','SQL Studio');
INSERT INTO ref_code_item(ref_code_set_name,code,code_desc,code_comment,sort_order,active_ind,create_dt,create_user_id,create_app_name,chg_lst_dt,chg_lst_user_id,chg_lst_app_name) VALUES('education level completed code','M','Master''s degree (M.A., M.S.)','',6,'Y',getdate(),'Installation','SQL Studio',getdate(),'Installation','SQL Studio');
INSERT INTO ref_code_item(ref_code_set_name,code,code_desc,code_comment,sort_order,active_ind,create_dt,create_user_id,create_app_name,chg_lst_dt,chg_lst_user_id,chg_lst_app_name) VALUES('education level completed code','P','Professional degree (e.g., M.L.S., J.D., M.S.W., etc.)','',7,'Y',getdate(),'Installation','SQL Studio',getdate(),'Installation','SQL Studio');
INSERT INTO ref_code_item(ref_code_set_name,code,code_desc,code_comment,sort_order,active_ind,create_dt,create_user_id,create_app_name,chg_lst_dt,chg_lst_user_id,chg_lst_app_name) VALUES('education level completed code','D','Doctorate (e.g., Ph.D., D.Sc., M.D., D.Pharm., D.L.S., Ed.D.,etc.)','',8,'Y',getdate(),'Installation','SQL Studio',getdate(),'Installation','SQL Studio');

INSERT INTO ref_code_item(ref_code_set_name,code,code_desc,code_comment,sort_order,active_ind,create_dt,create_user_id,create_app_name,chg_lst_dt,chg_lst_user_id,chg_lst_app_name) VALUES('preferred language code','ALE', 'Aleut','',1,'Y',getdate(),'Installation','SQL Studio',getdate(),'Installation','SQL Studio');
INSERT INTO ref_code_item(ref_code_set_name,code,code_desc,code_comment,sort_order,active_ind,create_dt,create_user_id,create_app_name,chg_lst_dt,chg_lst_user_id,chg_lst_app_name) VALUES('preferred language code','CHI', 'Chinese','',2,'Y',getdate(),'Installation','SQL Studio',getdate(),'Installation','SQL Studio');
INSERT INTO ref_code_item(ref_code_set_name,code,code_desc,code_comment,sort_order,active_ind,create_dt,create_user_id,create_app_name,chg_lst_dt,chg_lst_user_id,chg_lst_app_name) VALUES('preferred language code','CZE', 'Czech','',3,'Y',getdate(),'Installation','SQL Studio',getdate(),'Installation','SQL Studio');
INSERT INTO ref_code_item(ref_code_set_name,code,code_desc,code_comment,sort_order,active_ind,create_dt,create_user_id,create_app_name,chg_lst_dt,chg_lst_user_id,chg_lst_app_name) VALUES('preferred language code','ENG',	'English','',4,'Y',getdate(),'Installation','SQL Studio',getdate(),'Installation','SQL Studio');
INSERT INTO ref_code_item(ref_code_set_name,code,code_desc,code_comment,sort_order,active_ind,create_dt,create_user_id,create_app_name,chg_lst_dt,chg_lst_user_id,chg_lst_app_name) VALUES('preferred language code','FIL',	'Filipino','',5,'Y',getdate(),'Installation','SQL Studio',getdate(),'Installation','SQL Studio');
INSERT INTO ref_code_item(ref_code_set_name,code,code_desc,code_comment,sort_order,active_ind,create_dt,create_user_id,create_app_name,chg_lst_dt,chg_lst_user_id,chg_lst_app_name) VALUES('preferred language code','FRE',	'French','',6,'Y',getdate(),'Installation','SQL Studio',getdate(),'Installation','SQL Studio');
INSERT INTO ref_code_item(ref_code_set_name,code,code_desc,code_comment,sort_order,active_ind,create_dt,create_user_id,create_app_name,chg_lst_dt,chg_lst_user_id,chg_lst_app_name) VALUES('preferred language code','GER',	'German','',7,'Y',getdate(),'Installation','SQL Studio',getdate(),'Installation','SQL Studio');
INSERT INTO ref_code_item(ref_code_set_name,code,code_desc,code_comment,sort_order,active_ind,create_dt,create_user_id,create_app_name,chg_lst_dt,chg_lst_user_id,chg_lst_app_name) VALUES('preferred language code','HIN',	'Hindi','',8,'Y',getdate(),'Installation','SQL Studio',getdate(),'Installation','SQL Studio');
INSERT INTO ref_code_item(ref_code_set_name,code,code_desc,code_comment,sort_order,active_ind,create_dt,create_user_id,create_app_name,chg_lst_dt,chg_lst_user_id,chg_lst_app_name) VALUES('preferred language code','HMN',	'Hmong','',9,'Y',getdate(),'Installation','SQL Studio',getdate(),'Installation','SQL Studio');
INSERT INTO ref_code_item(ref_code_set_name,code,code_desc,code_comment,sort_order,active_ind,create_dt,create_user_id,create_app_name,chg_lst_dt,chg_lst_user_id,chg_lst_app_name) VALUES('preferred language code','JPN',	'Japanese','',10,'Y',getdate(),'Installation','SQL Studio',getdate(),'Installation','SQL Studio');
INSERT INTO ref_code_item(ref_code_set_name,code,code_desc,code_comment,sort_order,active_ind,create_dt,create_user_id,create_app_name,chg_lst_dt,chg_lst_user_id,chg_lst_app_name) VALUES('preferred language code','KOR',	'Korean','',11,'Y',getdate(),'Installation','SQL Studio',getdate(),'Installation','SQL Studio');
INSERT INTO ref_code_item(ref_code_set_name,code,code_desc,code_comment,sort_order,active_ind,create_dt,create_user_id,create_app_name,chg_lst_dt,chg_lst_user_id,chg_lst_app_name) VALUES('preferred language code','LAO',	'Lao','',12,'Y',getdate(),'Installation','SQL Studio',getdate(),'Installation','SQL Studio');
INSERT INTO ref_code_item(ref_code_set_name,code,code_desc,code_comment,sort_order,active_ind,create_dt,create_user_id,create_app_name,chg_lst_dt,chg_lst_user_id,chg_lst_app_name) VALUES('preferred language code','RUS',	'Russian','',13,'Y',getdate(),'Installation','SQL Studio',getdate(),'Installation','SQL Studio');
INSERT INTO ref_code_item(ref_code_set_name,code,code_desc,code_comment,sort_order,active_ind,create_dt,create_user_id,create_app_name,chg_lst_dt,chg_lst_user_id,chg_lst_app_name) VALUES('preferred language code','SOM',	'Somali','',14,'Y',getdate(),'Installation','SQL Studio',getdate(),'Installation','SQL Studio');
INSERT INTO ref_code_item(ref_code_set_name,code,code_desc,code_comment,sort_order,active_ind,create_dt,create_user_id,create_app_name,chg_lst_dt,chg_lst_user_id,chg_lst_app_name) VALUES('preferred language code','SPA',	'Spanish','',15,'Y',getdate(),'Installation','SQL Studio',getdate(),'Installation','SQL Studio');
INSERT INTO ref_code_item(ref_code_set_name,code,code_desc,code_comment,sort_order,active_ind,create_dt,create_user_id,create_app_name,chg_lst_dt,chg_lst_user_id,chg_lst_app_name) VALUES('preferred language code','TGL',	'Tagalog','',16,'Y',getdate(),'Installation','SQL Studio',getdate(),'Installation','SQL Studio');
INSERT INTO ref_code_item(ref_code_set_name,code,code_desc,code_comment,sort_order,active_ind,create_dt,create_user_id,create_app_name,chg_lst_dt,chg_lst_user_id,chg_lst_app_name) VALUES('preferred language code','VIE',	'Vietnamese','',17,'Y',getdate(),'Installation','SQL Studio',getdate(),'Installation','SQL Studio');

INSERT INTO ref_code_item(ref_code_set_name,code,code_desc,code_comment,sort_order,active_ind,create_dt,create_user_id,create_app_name,chg_lst_dt,chg_lst_user_id,chg_lst_app_name) VALUES('case source code','311/211','311/211','311/211',1,'Y',getdate(),'Installation','SQL Studio',getdate(),'Installation','SQL Studio');
INSERT INTO ref_code_item(ref_code_set_name,code,code_desc,code_comment,sort_order,active_ind,create_dt,create_user_id,create_app_name,chg_lst_dt,chg_lst_user_id,chg_lst_app_name) VALUES('case source code','BILLBOARD','Billboard','',2,'Y',getdate(),'Installation','SQL Studio',getdate(),'Installation','SQL Studio');
INSERT INTO ref_code_item(ref_code_set_name,code,code_desc,code_comment,sort_order,active_ind,create_dt,create_user_id,create_app_name,chg_lst_dt,chg_lst_user_id,chg_lst_app_name) VALUES('case source code','CELEBRITY', 'Celebrity', '',3,'Y',getdate(),'Installation','SQL Studio',getdate(),'Installation','SQL Studio');
INSERT INTO ref_code_item(ref_code_set_name,code,code_desc,code_comment,sort_order,active_ind,create_dt,create_user_id,create_app_name,chg_lst_dt,chg_lst_user_id,chg_lst_app_name) VALUES('case source code','CELEBRITYVMAIL', 'Celebrity Voicemail', '',4,'Y',getdate(),'Installation','SQL Studio',getdate(),'Installation','SQL Studio');
INSERT INTO ref_code_item(ref_code_set_name,code,code_desc,code_comment,sort_order,active_ind,create_dt,create_user_id,create_app_name,chg_lst_dt,chg_lst_user_id,chg_lst_app_name) VALUES('case source code','COUNSELORREFER', 'Referred by CCRC counselor', '',5,'Y',getdate(),'Installation','SQL Studio',getdate(),'Installation','SQL Studio');
INSERT INTO ref_code_item(ref_code_set_name,code,code_desc,code_comment,sort_order,active_ind,create_dt,create_user_id,create_app_name,chg_lst_dt,chg_lst_user_id,chg_lst_app_name) VALUES('case source code','DOORHANGER','Door Hanger','',6,'Y',getdate(),'Installation','SQL Studio',getdate(),'Installation','SQL Studio');
INSERT INTO ref_code_item(ref_code_set_name,code,code_desc,code_comment,sort_order,active_ind,create_dt,create_user_id,create_app_name,chg_lst_dt,chg_lst_user_id,chg_lst_app_name) VALUES('case source code','FAITHCOMMUNITY', 'Church/Faith Community', '', 7,'Y',getdate(),'Installation','SQL Studio',getdate(),'Installation','SQL Studio');
INSERT INTO ref_code_item(ref_code_set_name,code,code_desc,code_comment,sort_order,active_ind,create_dt,create_user_id,create_app_name,chg_lst_dt,chg_lst_user_id,chg_lst_app_name) VALUES('case source code','HOPENOWLETTER','Hope Now Letter','',8,'Y',getdate(),'Installation','SQL Studio',getdate(),'Installation','SQL Studio');
INSERT INTO ref_code_item(ref_code_set_name,code,code_desc,code_comment,sort_order,active_ind,create_dt,create_user_id,create_app_name,chg_lst_dt,chg_lst_user_id,chg_lst_app_name) VALUES('case source code','HUD','HUD (Housing & Urban Development)','',9,'Y',getdate(),'Installation','SQL Studio',getdate(),'Installation','SQL Studio');
INSERT INTO ref_code_item(ref_code_set_name,code,code_desc,code_comment,sort_order,active_ind,create_dt,create_user_id,create_app_name,chg_lst_dt,chg_lst_user_id,chg_lst_app_name) VALUES('case source code','INTERNET','Internet','',10,'Y',getdate(),'Installation','SQL Studio',getdate(),'Installation','SQL Studio');
INSERT INTO ref_code_item(ref_code_set_name,code,code_desc,code_comment,sort_order,active_ind,create_dt,create_user_id,create_app_name,chg_lst_dt,chg_lst_user_id,chg_lst_app_name) VALUES('case source code','MAILING','Mailing','',11,'Y',getdate(),'Installation','SQL Studio',getdate(),'Installation','SQL Studio');
INSERT INTO ref_code_item(ref_code_set_name,code,code_desc,code_comment,sort_order,active_ind,create_dt,create_user_id,create_app_name,chg_lst_dt,chg_lst_user_id,chg_lst_app_name) VALUES('case source code','MILKJUGAD','Milk Jug Ad','',12,'Y',getdate(),'Installation','SQL Studio',getdate(),'Installation','SQL Studio');
INSERT INTO ref_code_item(ref_code_set_name,code,code_desc,code_comment,sort_order,active_ind,create_dt,create_user_id,create_app_name,chg_lst_dt,chg_lst_user_id,chg_lst_app_name) VALUES('case source code','MORTGAGECOMP', 'Mortgage Company','', 13,'Y',getdate(),'Installation','SQL Studio',getdate(),'Installation','SQL Studio');
INSERT INTO ref_code_item(ref_code_set_name,code,code_desc,code_comment,sort_order,active_ind,create_dt,create_user_id,create_app_name,chg_lst_dt,chg_lst_user_id,chg_lst_app_name) VALUES('case source code','NEIGHBORWORKS','Neighborworks/NHS office/staff','',14,'Y',getdate(),'Installation','SQL Studio',getdate(),'Installation','SQL Studio');
INSERT INTO ref_code_item(ref_code_set_name,code,code_desc,code_comment,sort_order,active_ind,create_dt,create_user_id,create_app_name,chg_lst_dt,chg_lst_user_id,chg_lst_app_name) VALUES('case source code','NEWSPAPER/ADS' ,'Newspaper/print advertisement','', 15,'Y',getdate(),'Installation','SQL Studio',getdate(),'Installation','SQL Studio');
INSERT INTO ref_code_item(ref_code_set_name,code,code_desc,code_comment,sort_order,active_ind,create_dt,create_user_id,create_app_name,chg_lst_dt,chg_lst_user_id,chg_lst_app_name) VALUES('case source code','NYC','NYC Subway/Penn Station','', 16,'Y',getdate(),'Installation','SQL Studio',getdate(),'Installation','SQL Studio');
INSERT INTO ref_code_item(ref_code_set_name,code,code_desc,code_comment,sort_order,active_ind,create_dt,create_user_id,create_app_name,chg_lst_dt,chg_lst_user_id,chg_lst_app_name) VALUES('case source code','PHONATHON','Phonathon','',17,'Y',getdate(),'Installation','SQL Studio',getdate(),'Installation','SQL Studio');
INSERT INTO ref_code_item(ref_code_set_name,code,code_desc,code_comment,sort_order,active_ind,create_dt,create_user_id,create_app_name,chg_lst_dt,chg_lst_user_id,chg_lst_app_name) VALUES('case source code','RADIO','Radio','',18,'Y',getdate(),'Installation','SQL Studio',getdate(),'Installation','SQL Studio');
INSERT INTO ref_code_item(ref_code_set_name,code,code_desc,code_comment,sort_order,active_ind,create_dt,create_user_id,create_app_name,chg_lst_dt,chg_lst_user_id,chg_lst_app_name) VALUES('case source code','REFERRAL', 'Referral (professional\friend\family)','',19,'Y',getdate(),'Installation','SQL Studio',getdate(),'Installation','SQL Studio');
INSERT INTO ref_code_item(ref_code_set_name,code,code_desc,code_comment,sort_order,active_ind,create_dt,create_user_id,create_app_name,chg_lst_dt,chg_lst_user_id,chg_lst_app_name) VALUES('case source code','TELEVISION','Television','',20,'Y',getdate(),'Installation','SQL Studio',getdate(),'Installation','SQL Studio');
INSERT INTO ref_code_item(ref_code_set_name,code,code_desc,code_comment,sort_order,active_ind,create_dt,create_user_id,create_app_name,chg_lst_dt,chg_lst_user_id,chg_lst_app_name) VALUES('case source code','URBANLEAGUE', 'Urban League (national/local)', '',21,'Y',getdate(),'Installation','SQL Studio',getdate(),'Installation','SQL Studio');
INSERT INTO ref_code_item(ref_code_set_name,code,code_desc,code_comment,sort_order,active_ind,create_dt,create_user_id,create_app_name,chg_lst_dt,chg_lst_user_id,chg_lst_app_name) VALUES('case source code','USACARES','USA Cares','',22,'Y',getdate(),'Installation','SQL Studio',getdate(),'Installation','SQL Studio');
INSERT INTO ref_code_item(ref_code_set_name,code,code_desc,code_comment,sort_order,active_ind,create_dt,create_user_id,create_app_name,chg_lst_dt,chg_lst_user_id,chg_lst_app_name) VALUES('case source code','UTILITYBILL','Utility Bill','',23,'Y',getdate(),'Installation','SQL Studio',getdate(),'Installation','SQL Studio');
INSERT INTO ref_code_item(ref_code_set_name,code,code_desc,code_comment,sort_order,active_ind,create_dt,create_user_id,create_app_name,chg_lst_dt,chg_lst_user_id,chg_lst_app_name) VALUES('case source code','OTHER','Other','',24,'Y',getdate(),'Installation','SQL Studio',getdate(),'Installation','SQL Studio');

INSERT INTO ref_code_item(ref_code_set_name,code,code_desc,code_comment,sort_order,active_ind,create_dt,create_user_id,create_app_name,chg_lst_dt,chg_lst_user_id,chg_lst_app_name) VALUES('call source code','311/211','311/211','',1,'Y',getdate(),'Installation','SQL Studio',getdate(),'Installation','SQL Studio');
INSERT INTO ref_code_item(ref_code_set_name,code,code_desc,code_comment,sort_order,active_ind,create_dt,create_user_id,create_app_name,chg_lst_dt,chg_lst_user_id,chg_lst_app_name) VALUES('call source code','BILLBOARD','Billboard','',2,'Y',getdate(),'Installation','SQL Studio',getdate(),'Installation','SQL Studio');
INSERT INTO ref_code_item(ref_code_set_name,code,code_desc,code_comment,sort_order,active_ind,create_dt,create_user_id,create_app_name,chg_lst_dt,chg_lst_user_id,chg_lst_app_name) VALUES('call source code','CELEBRITY', 'Celebrity', '',3,'Y',getdate(),'Installation','SQL Studio',getdate(),'Installation','SQL Studio');
INSERT INTO ref_code_item(ref_code_set_name,code,code_desc,code_comment,sort_order,active_ind,create_dt,create_user_id,create_app_name,chg_lst_dt,chg_lst_user_id,chg_lst_app_name) VALUES('call source code','CELEBRITYVMAIL', 'Celebrity Voicemail', '',4,'Y',getdate(),'Installation','SQL Studio',getdate(),'Installation','SQL Studio');
INSERT INTO ref_code_item(ref_code_set_name,code,code_desc,code_comment,sort_order,active_ind,create_dt,create_user_id,create_app_name,chg_lst_dt,chg_lst_user_id,chg_lst_app_name) VALUES('call source code','COUNSELORREFER','Referred by CCRC counselor', '',5,'Y',getdate(),'Installation','SQL Studio',getdate(),'Installation','SQL Studio');
INSERT INTO ref_code_item(ref_code_set_name,code,code_desc,code_comment,sort_order,active_ind,create_dt,create_user_id,create_app_name,chg_lst_dt,chg_lst_user_id,chg_lst_app_name) VALUES('call source code','DOORHANGER','Door Hanger','',6,'Y',getdate(),'Installation','SQL Studio',getdate(),'Installation','SQL Studio');
INSERT INTO ref_code_item(ref_code_set_name,code,code_desc,code_comment,sort_order,active_ind,create_dt,create_user_id,create_app_name,chg_lst_dt,chg_lst_user_id,chg_lst_app_name) VALUES('call source code','FAITHCOMMUNITY','Church/Faith Community', '',7,'Y',getdate(),'Installation','SQL Studio',getdate(),'Installation','SQL Studio');
INSERT INTO ref_code_item(ref_code_set_name,code,code_desc,code_comment,sort_order,active_ind,create_dt,create_user_id,create_app_name,chg_lst_dt,chg_lst_user_id,chg_lst_app_name) VALUES('call source code','HOPENOWLETTER','Hope Now Letter','',8,'Y',getdate(),'Installation','SQL Studio',getdate(),'Installation','SQL Studio');
INSERT INTO ref_code_item(ref_code_set_name,code,code_desc,code_comment,sort_order,active_ind,create_dt,create_user_id,create_app_name,chg_lst_dt,chg_lst_user_id,chg_lst_app_name) VALUES('call source code','HUD', 'HUD (Housing & Urban Development)', '',9,'Y',getdate(),'Installation','SQL Studio',getdate(),'Installation','SQL Studio');
INSERT INTO ref_code_item(ref_code_set_name,code,code_desc,code_comment,sort_order,active_ind,create_dt,create_user_id,create_app_name,chg_lst_dt,chg_lst_user_id,chg_lst_app_name) VALUES('call source code','INTERNET','Internet','',10,'Y',getdate(),'Installation','SQL Studio',getdate(),'Installation','SQL Studio');
INSERT INTO ref_code_item(ref_code_set_name,code,code_desc,code_comment,sort_order,active_ind,create_dt,create_user_id,create_app_name,chg_lst_dt,chg_lst_user_id,chg_lst_app_name) VALUES('call source code','MAILING','Mailing','',11,'Y',getdate(),'Installation','SQL Studio',getdate(),'Installation','SQL Studio');
INSERT INTO ref_code_item(ref_code_set_name,code,code_desc,code_comment,sort_order,active_ind,create_dt,create_user_id,create_app_name,chg_lst_dt,chg_lst_user_id,chg_lst_app_name) VALUES('call source code','MILKJUGAD','Milk Jug Ad','',12,'Y',getdate(),'Installation','SQL Studio',getdate(),'Installation','SQL Studio');
INSERT INTO ref_code_item(ref_code_set_name,code,code_desc,code_comment,sort_order,active_ind,create_dt,create_user_id,create_app_name,chg_lst_dt,chg_lst_user_id,chg_lst_app_name) VALUES('call source code','MORTGAGECOMP','Mortgage Company', '',13,'Y',getdate(),'Installation','SQL Studio',getdate(),'Installation','SQL Studio');
INSERT INTO ref_code_item(ref_code_set_name,code,code_desc,code_comment,sort_order,active_ind,create_dt,create_user_id,create_app_name,chg_lst_dt,chg_lst_user_id,chg_lst_app_name) VALUES('call source code','NEIGHBORWORKS','Neighborworks/NHS office/staff', '',14,'Y',getdate(),'Installation','SQL Studio',getdate(),'Installation','SQL Studio');
INSERT INTO ref_code_item(ref_code_set_name,code,code_desc,code_comment,sort_order,active_ind,create_dt,create_user_id,create_app_name,chg_lst_dt,chg_lst_user_id,chg_lst_app_name) VALUES('call source code','NEWSPAPER/ADS','Newspaper/print advertisement', '',15,'Y',getdate(),'Installation','SQL Studio',getdate(),'Installation','SQL Studio');
INSERT INTO ref_code_item(ref_code_set_name,code,code_desc,code_comment,sort_order,active_ind,create_dt,create_user_id,create_app_name,chg_lst_dt,chg_lst_user_id,chg_lst_app_name) VALUES('call source code','NYC','NYC Subway/Penn Station', '',16,'Y',getdate(),'Installation','SQL Studio',getdate(),'Installation','SQL Studio');
INSERT INTO ref_code_item(ref_code_set_name,code,code_desc,code_comment,sort_order,active_ind,create_dt,create_user_id,create_app_name,chg_lst_dt,chg_lst_user_id,chg_lst_app_name) VALUES('call source code','PHONATHON','Phonathon','',17,'Y',getdate(),'Installation','SQL Studio',getdate(),'Installation','SQL Studio');
INSERT INTO ref_code_item(ref_code_set_name,code,code_desc,code_comment,sort_order,active_ind,create_dt,create_user_id,create_app_name,chg_lst_dt,chg_lst_user_id,chg_lst_app_name) VALUES('call source code','RADIO','Radio','',18,'Y',getdate(),'Installation','SQL Studio',getdate(),'Installation','SQL Studio');
INSERT INTO ref_code_item(ref_code_set_name,code,code_desc,code_comment,sort_order,active_ind,create_dt,create_user_id,create_app_name,chg_lst_dt,chg_lst_user_id,chg_lst_app_name) VALUES('call source code','REFERRAL','Referral (professional\friend\family)', '',19,'Y',getdate(),'Installation','SQL Studio',getdate(),'Installation','SQL Studio');
INSERT INTO ref_code_item(ref_code_set_name,code,code_desc,code_comment,sort_order,active_ind,create_dt,create_user_id,create_app_name,chg_lst_dt,chg_lst_user_id,chg_lst_app_name) VALUES('call source code','TELEVISION','Television','',20,'Y',getdate(),'Installation','SQL Studio',getdate(),'Installation','SQL Studio');
INSERT INTO ref_code_item(ref_code_set_name,code,code_desc,code_comment,sort_order,active_ind,create_dt,create_user_id,create_app_name,chg_lst_dt,chg_lst_user_id,chg_lst_app_name) VALUES('call source code','URBANLEAGUE','Urban League (national/local)', '',21,'Y',getdate(),'Installation','SQL Studio',getdate(),'Installation','SQL Studio');
INSERT INTO ref_code_item(ref_code_set_name,code,code_desc,code_comment,sort_order,active_ind,create_dt,create_user_id,create_app_name,chg_lst_dt,chg_lst_user_id,chg_lst_app_name) VALUES('call source code','USACARES','USA Cares','',22,'Y',getdate(),'Installation','SQL Studio',getdate(),'Installation','SQL Studio');
INSERT INTO ref_code_item(ref_code_set_name,code,code_desc,code_comment,sort_order,active_ind,create_dt,create_user_id,create_app_name,chg_lst_dt,chg_lst_user_id,chg_lst_app_name) VALUES('call source code','UTILITYBILL','Utility Bill','',23,'Y',getdate(),'Installation','SQL Studio',getdate(),'Installation','SQL Studio');
INSERT INTO ref_code_item(ref_code_set_name,code,code_desc,code_comment,sort_order,active_ind,create_dt,create_user_id,create_app_name,chg_lst_dt,chg_lst_user_id,chg_lst_app_name) VALUES('call source code','OTHER','Other','',24,'Y',getdate(),'Installation','SQL Studio',getdate(),'Installation','SQL Studio');

INSERT INTO ref_code_item(ref_code_set_name,code,code_desc,code_comment,sort_order,active_ind,create_dt,create_user_id,create_app_name,chg_lst_dt,chg_lst_user_id,chg_lst_app_name)  VALUES('secure delivery method code','NOSEND', 'Do Not Send','',1,'Y',getdate(),'Installation','SQL Studio',getdate(),'Installation','SQL Studio');
INSERT INTO ref_code_item(ref_code_set_name,code,code_desc,code_comment,sort_order,active_ind,create_dt,create_user_id,create_app_name,chg_lst_dt,chg_lst_user_id,chg_lst_app_name)  VALUES('secure delivery method code','PORTAL', 'HPF Portal', '',2,'Y',getdate(),'Installation','SQL Studio',getdate(),'Installation','SQL Studio');
INSERT INTO ref_code_item(ref_code_set_name,code,code_desc,code_comment,sort_order,active_ind,create_dt,create_user_id,create_app_name,chg_lst_dt,chg_lst_user_id,chg_lst_app_name)  VALUES('secure delivery method code','SECEMAIL', 'Secure Email','',3,'Y',getdate(),'Installation','SQL Studio',getdate(),'Installation','SQL Studio');

INSERT INTO ref_code_item(ref_code_set_name,code,code_desc,code_comment,sort_order,active_ind,create_dt,create_user_id,create_app_name,chg_lst_dt,chg_lst_user_id,chg_lst_app_name)  VALUES('billing export format code', 'FIS', 'Fidelity New Invoice', '',1,'Y',getdate(),'Installation','SQL Studio',getdate(),'Installation','SQL Studio');
INSERT INTO ref_code_item(ref_code_set_name,code,code_desc,code_comment,sort_order,active_ind,create_dt,create_user_id,create_app_name,chg_lst_dt,chg_lst_user_id,chg_lst_app_name)  VALUES('billing export format code', 'ICLEAR', 'First American iClear', '',2,'Y',getdate(),'Installation','SQL Studio',getdate(),'Installation','SQL Studio');
INSERT INTO ref_code_item(ref_code_set_name,code,code_desc,code_comment,sort_order,active_ind,create_dt,create_user_id,create_app_name,chg_lst_dt,chg_lst_user_id,chg_lst_app_name)  VALUES('billing export format code', 'NFMC', 'National Foreclosure Mitigation Counseling','',3,'Y',getdate(),'Installation','SQL Studio',getdate(),'Installation','SQL Studio');
INSERT INTO ref_code_item(ref_code_set_name,code,code_desc,code_comment,sort_order,active_ind,create_dt,create_user_id,create_app_name,chg_lst_dt,chg_lst_user_id,chg_lst_app_name)  VALUES('billing export format code', 'HPFSTD', 'HPF Standard Billing Export','',4,'Y',getdate(),'Installation','SQL Studio',getdate(),'Installation','SQL Studio');

INSERT INTO ref_code_item(ref_code_set_name,code,code_desc,code_comment,sort_order,active_ind,create_dt,create_user_id,create_app_name,chg_lst_dt,chg_lst_user_id,chg_lst_app_name)  VALUES('billing delivery method code', 'PORTAL', 'HPF Portal','',1,'Y',getdate(),'Installation','SQL Studio',getdate(),'Installation','SQL Studio');

INSERT INTO ref_code_item(ref_code_set_name,code,code_desc,code_comment,sort_order,active_ind,create_dt,create_user_id,create_app_name,chg_lst_dt,chg_lst_user_id,chg_lst_app_name)  VALUES('takeback reason code','DUPE', 'Servicer Reported Dupe','',1,'Y',getdate(),'Installation','SQL Studio',getdate(),'Installation','SQL Studio');
INSERT INTO ref_code_item(ref_code_set_name,code,code_desc,code_comment,sort_order,active_ind,create_dt,create_user_id,create_app_name,chg_lst_dt,chg_lst_user_id,chg_lst_app_name)  VALUES('takeback reason code','UTL', 'Unable to locate loan in portfolio','',2,'Y',getdate(),'Installation','SQL Studio',getdate(),'Installation','SQL Studio');
INSERT INTO ref_code_item(ref_code_set_name,code,code_desc,code_comment,sort_order,active_ind,create_dt,create_user_id,create_app_name,chg_lst_dt,chg_lst_user_id,chg_lst_app_name)  VALUES('takeback reason code','FREDDUPE', 'FreddieMac Reported Dupe','',3,'Y',getdate(),'Installation','SQL Studio',getdate(),'Installation','SQL Studio');
INSERT INTO ref_code_item(ref_code_set_name,code,code_desc,code_comment,sort_order,active_ind,create_dt,create_user_id,create_app_name,chg_lst_dt,chg_lst_user_id,chg_lst_app_name)  VALUES('takeback reason code','NFMCDUPEIN', 'NFMC Reported Dupe In-Network','',4,'Y',getdate(),'Installation','SQL Studio',getdate(),'Installation','SQL Studio');

INSERT INTO ref_code_item(ref_code_set_name,code,code_desc,code_comment,sort_order,active_ind,create_dt,create_user_id,create_app_name,chg_lst_dt,chg_lst_user_id,chg_lst_app_name) VALUES('follow up source code','CREDITREPORT','Credit Report','',1,'Y',getdate(),'Installation','SQL Studio',getdate(),'Installation','SQL Studio');
INSERT INTO ref_code_item(ref_code_set_name,code,code_desc,code_comment,sort_order,active_ind,create_dt,create_user_id,create_app_name,chg_lst_dt,chg_lst_user_id,chg_lst_app_name) VALUES('follow up source code','HOMEOWNER','Homeowner','',2,'Y',getdate(),'Installation','SQL Studio',getdate(),'Installation','SQL Studio');
INSERT INTO ref_code_item(ref_code_set_name,code,code_desc,code_comment,sort_order,active_ind,create_dt,create_user_id,create_app_name,chg_lst_dt,chg_lst_user_id,chg_lst_app_name) VALUES('follow up source code','HPF','Home Ownership Preservation Foundation','',3,'Y',getdate(),'Installation','SQL Studio',getdate(),'Installation','SQL Studio');
INSERT INTO ref_code_item(ref_code_set_name,code,code_desc,code_comment,sort_order,active_ind,create_dt,create_user_id,create_app_name,chg_lst_dt,chg_lst_user_id,chg_lst_app_name) VALUES('follow up source code','3RDPARTY','Third Party Provider','',4,'Y',getdate(),'Installation','SQL Studio',getdate(),'Installation','SQL Studio');
INSERT INTO ref_code_item(ref_code_set_name,code,code_desc,code_comment,sort_order,active_ind,create_dt,create_user_id,create_app_name,chg_lst_dt,chg_lst_user_id,chg_lst_app_name) VALUES('follow up source code','AGENCY','Counseling Agency Network','',5,'Y',getdate(),'Installation','SQL Studio',getdate(),'Installation','SQL Studio');

INSERT INTO ref_code_item(ref_code_set_name,code,code_desc,code_comment,sort_order,active_ind,create_dt,create_user_id,create_app_name,chg_lst_dt,chg_lst_user_id,chg_lst_app_name) VALUES('mortgage program code','FHA', 'FHA - Federal Housing Administration Loan','',1,'Y',getdate(),'Installation','SQL Studio',getdate(),'Installation','SQL Studio');
INSERT INTO ref_code_item(ref_code_set_name,code,code_desc,code_comment,sort_order,active_ind,create_dt,create_user_id,create_app_name,chg_lst_dt,chg_lst_user_id,chg_lst_app_name) VALUES('mortgage program code','VA', 'VA - Veterans Administration Loan','',2,'Y',getdate(),'Installation','SQL Studio',getdate(),'Installation','SQL Studio');
INSERT INTO ref_code_item(ref_code_set_name,code,code_desc,code_comment,sort_order,active_ind,create_dt,create_user_id,create_app_name,chg_lst_dt,chg_lst_user_id,chg_lst_app_name) VALUES('mortgage program code','CONV', 'Conventional Loan','',3,'Y',getdate(),'Installation','SQL Studio',getdate(),'Installation','SQL Studio');
INSERT INTO ref_code_item(ref_code_set_name,code,code_desc,code_comment,sort_order,active_ind,create_dt,create_user_id,create_app_name,chg_lst_dt,chg_lst_user_id,chg_lst_app_name) VALUES('mortgage program code','PRIV', 'Privately Held Loan','',4,'Y',getdate(),'Installation','SQL Studio',getdate(),'Installation','SQL Studio');
INSERT INTO ref_code_item(ref_code_set_name,code,code_desc,code_comment,sort_order,active_ind,create_dt,create_user_id,create_app_name,chg_lst_dt,chg_lst_user_id,chg_lst_app_name) VALUES('mortgage program code','UNK', 'Unknown Loan Program','',5,'Y',getdate(),'Installation','SQL Studio',getdate(),'Installation','SQL Studio');

INSERT INTO ref_code_item(ref_code_set_name,code,code_desc,code_comment,sort_order,active_ind,create_dt,create_user_id,create_app_name,chg_lst_dt,chg_lst_user_id,chg_lst_app_name) VALUES('state code','AK','Alaska','',1,'Y',getdate(),'Installation','SQL Studio',getdate(),'Installation','SQL Studio');
INSERT INTO ref_code_item(ref_code_set_name,code,code_desc,code_comment,sort_order,active_ind,create_dt,create_user_id,create_app_name,chg_lst_dt,chg_lst_user_id,chg_lst_app_name) VALUES('state code','AL','Alabama','',2,'Y',getdate(),'Installation','SQL Studio',getdate(),'Installation','SQL Studio');
INSERT INTO ref_code_item(ref_code_set_name,code,code_desc,code_comment,sort_order,active_ind,create_dt,create_user_id,create_app_name,chg_lst_dt,chg_lst_user_id,chg_lst_app_name) VALUES('state code','AR','Arkansas','',3,'Y',getdate(),'Installation','SQL Studio',getdate(),'Installation','SQL Studio');
INSERT INTO ref_code_item(ref_code_set_name,code,code_desc,code_comment,sort_order,active_ind,create_dt,create_user_id,create_app_name,chg_lst_dt,chg_lst_user_id,chg_lst_app_name) VALUES('state code','AZ','Arizona','',4,'Y',getdate(),'Installation','SQL Studio',getdate(),'Installation','SQL Studio');
INSERT INTO ref_code_item(ref_code_set_name,code,code_desc,code_comment,sort_order,active_ind,create_dt,create_user_id,create_app_name,chg_lst_dt,chg_lst_user_id,chg_lst_app_name) VALUES('state code','CA','California','',5,'Y',getdate(),'Installation','SQL Studio',getdate(),'Installation','SQL Studio');
INSERT INTO ref_code_item(ref_code_set_name,code,code_desc,code_comment,sort_order,active_ind,create_dt,create_user_id,create_app_name,chg_lst_dt,chg_lst_user_id,chg_lst_app_name) VALUES('state code','CO','Colorado','',6,'Y',getdate(),'Installation','SQL Studio',getdate(),'Installation','SQL Studio');
INSERT INTO ref_code_item(ref_code_set_name,code,code_desc,code_comment,sort_order,active_ind,create_dt,create_user_id,create_app_name,chg_lst_dt,chg_lst_user_id,chg_lst_app_name) VALUES('state code','CT','Connecticut','',7,'Y',getdate(),'Installation','SQL Studio',getdate(),'Installation','SQL Studio');
INSERT INTO ref_code_item(ref_code_set_name,code,code_desc,code_comment,sort_order,active_ind,create_dt,create_user_id,create_app_name,chg_lst_dt,chg_lst_user_id,chg_lst_app_name) VALUES('state code','DC','District of Columbia','',8,'Y',getdate(),'Installation','SQL Studio',getdate(),'Installation','SQL Studio');
INSERT INTO ref_code_item(ref_code_set_name,code,code_desc,code_comment,sort_order,active_ind,create_dt,create_user_id,create_app_name,chg_lst_dt,chg_lst_user_id,chg_lst_app_name) VALUES('state code','DE','Delaware','',9,'Y',getdate(),'Installation','SQL Studio',getdate(),'Installation','SQL Studio');
INSERT INTO ref_code_item(ref_code_set_name,code,code_desc,code_comment,sort_order,active_ind,create_dt,create_user_id,create_app_name,chg_lst_dt,chg_lst_user_id,chg_lst_app_name) VALUES('state code','FL','Florida','',10,'Y',getdate(),'Installation','SQL Studio',getdate(),'Installation','SQL Studio');
INSERT INTO ref_code_item(ref_code_set_name,code,code_desc,code_comment,sort_order,active_ind,create_dt,create_user_id,create_app_name,chg_lst_dt,chg_lst_user_id,chg_lst_app_name) VALUES('state code','GA','Georgia','',11,'Y',getdate(),'Installation','SQL Studio',getdate(),'Installation','SQL Studio');
INSERT INTO ref_code_item(ref_code_set_name,code,code_desc,code_comment,sort_order,active_ind,create_dt,create_user_id,create_app_name,chg_lst_dt,chg_lst_user_id,chg_lst_app_name) VALUES('state code','HI','Hawaii','',12,'Y',getdate(),'Installation','SQL Studio',getdate(),'Installation','SQL Studio');
INSERT INTO ref_code_item(ref_code_set_name,code,code_desc,code_comment,sort_order,active_ind,create_dt,create_user_id,create_app_name,chg_lst_dt,chg_lst_user_id,chg_lst_app_name) VALUES('state code','IA','Iowa','',13,'Y',getdate(),'Installation','SQL Studio',getdate(),'Installation','SQL Studio');
INSERT INTO ref_code_item(ref_code_set_name,code,code_desc,code_comment,sort_order,active_ind,create_dt,create_user_id,create_app_name,chg_lst_dt,chg_lst_user_id,chg_lst_app_name) VALUES('state code','ID','Idaho','',14,'Y',getdate(),'Installation','SQL Studio',getdate(),'Installation','SQL Studio');
INSERT INTO ref_code_item(ref_code_set_name,code,code_desc,code_comment,sort_order,active_ind,create_dt,create_user_id,create_app_name,chg_lst_dt,chg_lst_user_id,chg_lst_app_name) VALUES('state code','IL','Illinois','',15,'Y',getdate(),'Installation','SQL Studio',getdate(),'Installation','SQL Studio');
INSERT INTO ref_code_item(ref_code_set_name,code,code_desc,code_comment,sort_order,active_ind,create_dt,create_user_id,create_app_name,chg_lst_dt,chg_lst_user_id,chg_lst_app_name) VALUES('state code','IN','Indiana','',16,'Y',getdate(),'Installation','SQL Studio',getdate(),'Installation','SQL Studio');
INSERT INTO ref_code_item(ref_code_set_name,code,code_desc,code_comment,sort_order,active_ind,create_dt,create_user_id,create_app_name,chg_lst_dt,chg_lst_user_id,chg_lst_app_name) VALUES('state code','KS','Kansas','',17,'Y',getdate(),'Installation','SQL Studio',getdate(),'Installation','SQL Studio');
INSERT INTO ref_code_item(ref_code_set_name,code,code_desc,code_comment,sort_order,active_ind,create_dt,create_user_id,create_app_name,chg_lst_dt,chg_lst_user_id,chg_lst_app_name) VALUES('state code','KY','Kentucky','',18,'Y',getdate(),'Installation','SQL Studio',getdate(),'Installation','SQL Studio');
INSERT INTO ref_code_item(ref_code_set_name,code,code_desc,code_comment,sort_order,active_ind,create_dt,create_user_id,create_app_name,chg_lst_dt,chg_lst_user_id,chg_lst_app_name) VALUES('state code','LA','Louisiana','',19,'Y',getdate(),'Installation','SQL Studio',getdate(),'Installation','SQL Studio');
INSERT INTO ref_code_item(ref_code_set_name,code,code_desc,code_comment,sort_order,active_ind,create_dt,create_user_id,create_app_name,chg_lst_dt,chg_lst_user_id,chg_lst_app_name) VALUES('state code','MA','Massachusetts','',20,'Y',getdate(),'Installation','SQL Studio',getdate(),'Installation','SQL Studio');
INSERT INTO ref_code_item(ref_code_set_name,code,code_desc,code_comment,sort_order,active_ind,create_dt,create_user_id,create_app_name,chg_lst_dt,chg_lst_user_id,chg_lst_app_name) VALUES('state code','MD','Maryland','',21,'Y',getdate(),'Installation','SQL Studio',getdate(),'Installation','SQL Studio');
INSERT INTO ref_code_item(ref_code_set_name,code,code_desc,code_comment,sort_order,active_ind,create_dt,create_user_id,create_app_name,chg_lst_dt,chg_lst_user_id,chg_lst_app_name) VALUES('state code','ME','Maine','',22,'Y',getdate(),'Installation','SQL Studio',getdate(),'Installation','SQL Studio');
INSERT INTO ref_code_item(ref_code_set_name,code,code_desc,code_comment,sort_order,active_ind,create_dt,create_user_id,create_app_name,chg_lst_dt,chg_lst_user_id,chg_lst_app_name) VALUES('state code','MI','Michigan','',23,'Y',getdate(),'Installation','SQL Studio',getdate(),'Installation','SQL Studio');
INSERT INTO ref_code_item(ref_code_set_name,code,code_desc,code_comment,sort_order,active_ind,create_dt,create_user_id,create_app_name,chg_lst_dt,chg_lst_user_id,chg_lst_app_name) VALUES('state code','MN','Minnesota','',24,'Y',getdate(),'Installation','SQL Studio',getdate(),'Installation','SQL Studio');
INSERT INTO ref_code_item(ref_code_set_name,code,code_desc,code_comment,sort_order,active_ind,create_dt,create_user_id,create_app_name,chg_lst_dt,chg_lst_user_id,chg_lst_app_name) VALUES('state code','MO','Missouri','',25,'Y',getdate(),'Installation','SQL Studio',getdate(),'Installation','SQL Studio');
INSERT INTO ref_code_item(ref_code_set_name,code,code_desc,code_comment,sort_order,active_ind,create_dt,create_user_id,create_app_name,chg_lst_dt,chg_lst_user_id,chg_lst_app_name) VALUES('state code','MS','Mississippi','',26,'Y',getdate(),'Installation','SQL Studio',getdate(),'Installation','SQL Studio');
INSERT INTO ref_code_item(ref_code_set_name,code,code_desc,code_comment,sort_order,active_ind,create_dt,create_user_id,create_app_name,chg_lst_dt,chg_lst_user_id,chg_lst_app_name) VALUES('state code','MT','Montana','',27,'Y',getdate(),'Installation','SQL Studio',getdate(),'Installation','SQL Studio');
INSERT INTO ref_code_item(ref_code_set_name,code,code_desc,code_comment,sort_order,active_ind,create_dt,create_user_id,create_app_name,chg_lst_dt,chg_lst_user_id,chg_lst_app_name) VALUES('state code','NC','North Carolina','',28,'Y',getdate(),'Installation','SQL Studio',getdate(),'Installation','SQL Studio');
INSERT INTO ref_code_item(ref_code_set_name,code,code_desc,code_comment,sort_order,active_ind,create_dt,create_user_id,create_app_name,chg_lst_dt,chg_lst_user_id,chg_lst_app_name) VALUES('state code','ND','North Dakota','',29,'Y',getdate(),'Installation','SQL Studio',getdate(),'Installation','SQL Studio');
INSERT INTO ref_code_item(ref_code_set_name,code,code_desc,code_comment,sort_order,active_ind,create_dt,create_user_id,create_app_name,chg_lst_dt,chg_lst_user_id,chg_lst_app_name) VALUES('state code','NE','Nebraska','',30,'Y',getdate(),'Installation','SQL Studio',getdate(),'Installation','SQL Studio');
INSERT INTO ref_code_item(ref_code_set_name,code,code_desc,code_comment,sort_order,active_ind,create_dt,create_user_id,create_app_name,chg_lst_dt,chg_lst_user_id,chg_lst_app_name) VALUES('state code','NH','New Hampshire','',31,'Y',getdate(),'Installation','SQL Studio',getdate(),'Installation','SQL Studio');
INSERT INTO ref_code_item(ref_code_set_name,code,code_desc,code_comment,sort_order,active_ind,create_dt,create_user_id,create_app_name,chg_lst_dt,chg_lst_user_id,chg_lst_app_name) VALUES('state code','NJ','New Jersey','',32,'Y',getdate(),'Installation','SQL Studio',getdate(),'Installation','SQL Studio');
INSERT INTO ref_code_item(ref_code_set_name,code,code_desc,code_comment,sort_order,active_ind,create_dt,create_user_id,create_app_name,chg_lst_dt,chg_lst_user_id,chg_lst_app_name) VALUES('state code','NM','New Mexico','',33,'Y',getdate(),'Installation','SQL Studio',getdate(),'Installation','SQL Studio');
INSERT INTO ref_code_item(ref_code_set_name,code,code_desc,code_comment,sort_order,active_ind,create_dt,create_user_id,create_app_name,chg_lst_dt,chg_lst_user_id,chg_lst_app_name) VALUES('state code','NV','Nevada','',34,'Y',getdate(),'Installation','SQL Studio',getdate(),'Installation','SQL Studio');
INSERT INTO ref_code_item(ref_code_set_name,code,code_desc,code_comment,sort_order,active_ind,create_dt,create_user_id,create_app_name,chg_lst_dt,chg_lst_user_id,chg_lst_app_name) VALUES('state code','NY','New York','',35,'Y',getdate(),'Installation','SQL Studio',getdate(),'Installation','SQL Studio');
INSERT INTO ref_code_item(ref_code_set_name,code,code_desc,code_comment,sort_order,active_ind,create_dt,create_user_id,create_app_name,chg_lst_dt,chg_lst_user_id,chg_lst_app_name) VALUES('state code','OH','Ohio','',36,'Y',getdate(),'Installation','SQL Studio',getdate(),'Installation','SQL Studio');
INSERT INTO ref_code_item(ref_code_set_name,code,code_desc,code_comment,sort_order,active_ind,create_dt,create_user_id,create_app_name,chg_lst_dt,chg_lst_user_id,chg_lst_app_name) VALUES('state code','OK','Oklahoma','',37,'Y',getdate(),'Installation','SQL Studio',getdate(),'Installation','SQL Studio');
INSERT INTO ref_code_item(ref_code_set_name,code,code_desc,code_comment,sort_order,active_ind,create_dt,create_user_id,create_app_name,chg_lst_dt,chg_lst_user_id,chg_lst_app_name) VALUES('state code','OR','Oregon','',38,'Y',getdate(),'Installation','SQL Studio',getdate(),'Installation','SQL Studio');
INSERT INTO ref_code_item(ref_code_set_name,code,code_desc,code_comment,sort_order,active_ind,create_dt,create_user_id,create_app_name,chg_lst_dt,chg_lst_user_id,chg_lst_app_name) VALUES('state code','PA','Pennsylvania','',39,'Y',getdate(),'Installation','SQL Studio',getdate(),'Installation','SQL Studio');
INSERT INTO ref_code_item(ref_code_set_name,code,code_desc,code_comment,sort_order,active_ind,create_dt,create_user_id,create_app_name,chg_lst_dt,chg_lst_user_id,chg_lst_app_name) VALUES('state code','RI','Rhode Island','',40,'Y',getdate(),'Installation','SQL Studio',getdate(),'Installation','SQL Studio');
INSERT INTO ref_code_item(ref_code_set_name,code,code_desc,code_comment,sort_order,active_ind,create_dt,create_user_id,create_app_name,chg_lst_dt,chg_lst_user_id,chg_lst_app_name) VALUES('state code','SC','South Carolina','',41,'Y',getdate(),'Installation','SQL Studio',getdate(),'Installation','SQL Studio');
INSERT INTO ref_code_item(ref_code_set_name,code,code_desc,code_comment,sort_order,active_ind,create_dt,create_user_id,create_app_name,chg_lst_dt,chg_lst_user_id,chg_lst_app_name) VALUES('state code','SD','South Dakota','',42,'Y',getdate(),'Installation','SQL Studio',getdate(),'Installation','SQL Studio');
INSERT INTO ref_code_item(ref_code_set_name,code,code_desc,code_comment,sort_order,active_ind,create_dt,create_user_id,create_app_name,chg_lst_dt,chg_lst_user_id,chg_lst_app_name) VALUES('state code','TN','Tennessee','',43,'Y',getdate(),'Installation','SQL Studio',getdate(),'Installation','SQL Studio');
INSERT INTO ref_code_item(ref_code_set_name,code,code_desc,code_comment,sort_order,active_ind,create_dt,create_user_id,create_app_name,chg_lst_dt,chg_lst_user_id,chg_lst_app_name) VALUES('state code','TX','Texas','',44,'Y',getdate(),'Installation','SQL Studio',getdate(),'Installation','SQL Studio');
INSERT INTO ref_code_item(ref_code_set_name,code,code_desc,code_comment,sort_order,active_ind,create_dt,create_user_id,create_app_name,chg_lst_dt,chg_lst_user_id,chg_lst_app_name) VALUES('state code','UT','Utah','',45,'Y',getdate(),'Installation','SQL Studio',getdate(),'Installation','SQL Studio');
INSERT INTO ref_code_item(ref_code_set_name,code,code_desc,code_comment,sort_order,active_ind,create_dt,create_user_id,create_app_name,chg_lst_dt,chg_lst_user_id,chg_lst_app_name) VALUES('state code','VA','Virginia','',46,'Y',getdate(),'Installation','SQL Studio',getdate(),'Installation','SQL Studio');
INSERT INTO ref_code_item(ref_code_set_name,code,code_desc,code_comment,sort_order,active_ind,create_dt,create_user_id,create_app_name,chg_lst_dt,chg_lst_user_id,chg_lst_app_name) VALUES('state code','VT','Vermont','',47,'Y',getdate(),'Installation','SQL Studio',getdate(),'Installation','SQL Studio');
INSERT INTO ref_code_item(ref_code_set_name,code,code_desc,code_comment,sort_order,active_ind,create_dt,create_user_id,create_app_name,chg_lst_dt,chg_lst_user_id,chg_lst_app_name) VALUES('state code','WA','Washington','',48,'Y',getdate(),'Installation','SQL Studio',getdate(),'Installation','SQL Studio');
INSERT INTO ref_code_item(ref_code_set_name,code,code_desc,code_comment,sort_order,active_ind,create_dt,create_user_id,create_app_name,chg_lst_dt,chg_lst_user_id,chg_lst_app_name) VALUES('state code','WV','West Virginia','',50,'Y',getdate(),'Installation','SQL Studio',getdate(),'Installation','SQL Studio');
INSERT INTO ref_code_item(ref_code_set_name,code,code_desc,code_comment,sort_order,active_ind,create_dt,create_user_id,create_app_name,chg_lst_dt,chg_lst_user_id,chg_lst_app_name) VALUES('state code','WI','Wisconsin','',49,'Y',getdate(),'Installation','SQL Studio',getdate(),'Installation','SQL Studio');
INSERT INTO ref_code_item(ref_code_set_name,code,code_desc,code_comment,sort_order,active_ind,create_dt,create_user_id,create_app_name,chg_lst_dt,chg_lst_user_id,chg_lst_app_name) VALUES('state code','WY','Wyoming','',51,'Y',getdate(),'Installation','SQL Studio',getdate(),'Installation','SQL Studio');
INSERT INTO ref_code_item(ref_code_set_name,code,code_desc,code_comment,sort_order,active_ind,create_dt,create_user_id,create_app_name,chg_lst_dt,chg_lst_user_id,chg_lst_app_name) VALUES('state code','AS','American Samoa','',52,'Y',getdate(),'Installation','SQL Studio',getdate(),'Installation','SQL Studio');
INSERT INTO ref_code_item(ref_code_set_name,code,code_desc,code_comment,sort_order,active_ind,create_dt,create_user_id,create_app_name,chg_lst_dt,chg_lst_user_id,chg_lst_app_name) VALUES('state code','GU','Guam','',53,'Y',getdate(),'Installation','SQL Studio',getdate(),'Installation','SQL Studio');
INSERT INTO ref_code_item(ref_code_set_name,code,code_desc,code_comment,sort_order,active_ind,create_dt,create_user_id,create_app_name,chg_lst_dt,chg_lst_user_id,chg_lst_app_name) VALUES('state code','MP','Northern Mariana Islands','',54,'Y',getdate(),'Installation','SQL Studio',getdate(),'Installation','SQL Studio');
INSERT INTO ref_code_item(ref_code_set_name,code,code_desc,code_comment,sort_order,active_ind,create_dt,create_user_id,create_app_name,chg_lst_dt,chg_lst_user_id,chg_lst_app_name) VALUES('state code','PR','Puerto Rico','',55,'Y',getdate(),'Installation','SQL Studio',getdate(),'Installation','SQL Studio');
INSERT INTO ref_code_item(ref_code_set_name,code,code_desc,code_comment,sort_order,active_ind,create_dt,create_user_id,create_app_name,chg_lst_dt,chg_lst_user_id,chg_lst_app_name) VALUES('state code','VI','Virgin Islands of the U.S.','',56,'Y',getdate(),'Installation','SQL Studio',getdate(),'Installation','SQL Studio');

INSERT INTO ref_code_item(ref_code_set_name,code,code_desc,code_comment,sort_order,active_ind,create_dt,create_user_id,create_app_name,chg_lst_dt,chg_lst_user_id,chg_lst_app_name) VALUES('mha loan lookup code','FAN','Fannie','ICT sends 1',1,'Y',getdate(),'Installation','SQL Studio',getdate(),'Installation','SQL Studio');
INSERT INTO ref_code_item(ref_code_set_name,code,code_desc,code_comment,sort_order,active_ind,create_dt,create_user_id,create_app_name,chg_lst_dt,chg_lst_user_id,chg_lst_app_name) VALUES('mha loan lookup code','FRED','Freddie','ICT sends 2',2,'Y',getdate(),'Installation','SQL Studio',getdate(),'Installation','SQL Studio');
INSERT INTO ref_code_item(ref_code_set_name,code,code_desc,code_comment,sort_order,active_ind,create_dt,create_user_id,create_app_name,chg_lst_dt,chg_lst_user_id,chg_lst_app_name) VALUES('mha loan lookup code','NOTFOUND','Not Found',NULL,3,'Y',getdate(),'Installation','SQL Studio',getdate(),'Installation','SQL Studio');

INSERT INTO ref_code_item(ref_code_set_name,code,code_desc,code_comment,sort_order,active_ind,create_dt,create_user_id,create_app_name,chg_lst_dt,chg_lst_user_id,chg_lst_app_name) VALUES('mha eligibility code','UNK','Unknown',NULL,1,'Y',getdate(),'Installation','SQL Studio',getdate(),'Installation','SQL Studio');
INSERT INTO ref_code_item(ref_code_set_name,code,code_desc,code_comment,sort_order,active_ind,create_dt,create_user_id,create_app_name,chg_lst_dt,chg_lst_user_id,chg_lst_app_name) VALUES('mha eligibility code','HAMP','HAMP Eligible',NULL,2,'Y',getdate(),'Installation','SQL Studio',getdate(),'Installation','SQL Studio');
INSERT INTO ref_code_item(ref_code_set_name,code,code_desc,code_comment,sort_order,active_ind,create_dt,create_user_id,create_app_name,chg_lst_dt,chg_lst_user_id,chg_lst_app_name) VALUES('mha eligibility code','HARP','HARP Eligible',NULL,3,'Y',getdate(),'Installation','SQL Studio',getdate(),'Installation','SQL Studio');
INSERT INTO ref_code_item(ref_code_set_name,code,code_desc,code_comment,sort_order,active_ind,create_dt,create_user_id,create_app_name,chg_lst_dt,chg_lst_user_id,chg_lst_app_name) VALUES('mha eligibility code','NOTHAMP','Not HAMP Eligible',NULL,4,'Y',getdate(),'Installation','SQL Studio',getdate(),'Installation','SQL Studio');
INSERT INTO ref_code_item(ref_code_set_name,code,code_desc,code_comment,sort_order,active_ind,create_dt,create_user_id,create_app_name,chg_lst_dt,chg_lst_user_id,chg_lst_app_name) VALUES('mha eligibility code','NOTHARP','Not HARP Eligible',NULL,5,'Y',getdate(),'Installation','SQL Studio',getdate(),'Installation','SQL Studio');
INSERT INTO ref_code_item(ref_code_set_name,code,code_desc,code_comment,sort_order,active_ind,create_dt,create_user_id,create_app_name,chg_lst_dt,chg_lst_user_id,chg_lst_app_name) VALUES('mha eligibility code','MHAINELIG','MHA Ineligible',NULL,6,'Y',getdate(),'Installation','SQL Studio',getdate(),'Installation','SQL Studio');

INSERT INTO ref_code_item(ref_code_set_name,code,code_desc,code_comment,sort_order,active_ind,create_dt,create_user_id,create_app_name,chg_lst_dt,chg_lst_user_id,chg_lst_app_name) VALUES('mha inelig reason code','NOTPRIMRES','Not primary residence','',1,'Y',getdate(),'Installation','SQL Studio',getdate(),'Installation','SQL Studio');
INSERT INTO ref_code_item(ref_code_set_name,code,code_desc,code_comment,sort_order,active_ind,create_dt,create_user_id,create_app_name,chg_lst_dt,chg_lst_user_id,chg_lst_app_name) VALUES('mha inelig reason code','NOTFOUND','Not found on look up','',2,'Y',getdate(),'Installation','SQL Studio',getdate(),'Installation','SQL Studio');
INSERT INTO ref_code_item(ref_code_set_name,code,code_desc,code_comment,sort_order,active_ind,create_dt,create_user_id,create_app_name,chg_lst_dt,chg_lst_user_id,chg_lst_app_name) VALUES('mha inelig reason code','NOLOOKUP','No lookup performed','',3,'Y',getdate(),'Installation','SQL Studio',getdate(),'Installation','SQL Studio');
INSERT INTO ref_code_item(ref_code_set_name,code,code_desc,code_comment,sort_order,active_ind,create_dt,create_user_id,create_app_name,chg_lst_dt,chg_lst_user_id,chg_lst_app_name) VALUES('mha inelig reason code','MAXLOANAMT','Loan exceeds max amt','',4,'Y',getdate(),'Installation','SQL Studio',getdate(),'Installation','SQL Studio');
INSERT INTO ref_code_item(ref_code_set_name,code,code_desc,code_comment,sort_order,active_ind,create_dt,create_user_id,create_app_name,chg_lst_dt,chg_lst_user_id,chg_lst_app_name) VALUES('mha inelig reason code','ORIGAFTER2009','Originated after 2009','',5,'Y',getdate(),'Installation','SQL Studio',getdate(),'Installation','SQL Studio');
INSERT INTO ref_code_item(ref_code_set_name,code,code_desc,code_comment,sort_order,active_ind,create_dt,create_user_id,create_app_name,chg_lst_dt,chg_lst_user_id,chg_lst_app_name) VALUES('mha inelig reason code','FAILEDDTI','Did not meet DTI','',6,'Y',getdate(),'Installation','SQL Studio',getdate(),'Installation','SQL Studio');
INSERT INTO ref_code_item(ref_code_set_name,code,code_desc,code_comment,sort_order,active_ind,create_dt,create_user_id,create_app_name,chg_lst_dt,chg_lst_user_id,chg_lst_app_name) VALUES('mha inelig reason code','MISSINGLOOKUP','Missing lookup info','',7,'Y',getdate(),'Installation','SQL Studio',getdate(),'Installation','SQL Studio');
INSERT INTO ref_code_item(ref_code_set_name,code,code_desc,code_comment,sort_order,active_ind,create_dt,create_user_id,create_app_name,chg_lst_dt,chg_lst_user_id,chg_lst_app_name) VALUES('mha inelig reason code','MISSINGINFO','Missing info','',8,'Y',getdate(),'Installation','SQL Studio',getdate(),'Installation','SQL Studio');
INSERT INTO ref_code_item(ref_code_set_name,code,code_desc,code_comment,sort_order,active_ind,create_dt,create_user_id,create_app_name,chg_lst_dt,chg_lst_user_id,chg_lst_app_name) VALUES('mha inelig reason code','MISSINGLOANAMT','Missing loan amt info','',9,'Y',getdate(),'Installation','SQL Studio',getdate(),'Installation','SQL Studio');
INSERT INTO ref_code_item(ref_code_set_name,code,code_desc,code_comment,sort_order,active_ind,create_dt,create_user_id,create_app_name,chg_lst_dt,chg_lst_user_id,chg_lst_app_name) VALUES('mha inelig reason code','MISSINGORIGDT','Missing origination date info','',10,'Y',getdate(),'Installation','SQL Studio',getdate(),'Installation','SQL Studio');
INSERT INTO ref_code_item(ref_code_set_name,code,code_desc,code_comment,sort_order,active_ind,create_dt,create_user_id,create_app_name,chg_lst_dt,chg_lst_user_id,chg_lst_app_name) VALUES('mha inelig reason code','MISSINGDTI','Missing DTI info','',11,'Y',getdate(),'Installation','SQL Studio',getdate(),'Installation','SQL Studio');
INSERT INTO ref_code_item(ref_code_set_name,code,code_desc,code_comment,sort_order,active_ind,create_dt,create_user_id,create_app_name,chg_lst_dt,chg_lst_user_id,chg_lst_app_name) VALUES('mha inelig reason code','MISSINGDELINQ','Missing delinquency info','',12,'Y',getdate(),'Installation','SQL Studio',getdate(),'Installation','SQL Studio');
INSERT INTO ref_code_item(ref_code_set_name,code,code_desc,code_comment,sort_order,active_ind,create_dt,create_user_id,create_app_name,chg_lst_dt,chg_lst_user_id,chg_lst_app_name) VALUES('mha inelig reason code','MISSINGPRIMRES','Missing primary res info','',13,'Y',getdate(),'Installation','SQL Studio',getdate(),'Installation','SQL Studio');

/****************************************************************************/
DELETE FROM menu_security;
DELETE FROM menu_item;
DELETE FROM menu_group;

INSERT INTO menu_group (menu_group_id,group_name, group_sort_order, group_target) VALUES (1,'Accounting',3,'#');
INSERT INTO menu_group (menu_group_id,group_name, group_sort_order, group_target) VALUES (2,'Home',1,'Default.aspx');
INSERT INTO menu_group (menu_group_id,group_name, group_sort_order, group_target) VALUES (3,'Foreclosure Case',2,'SearchForeclosureCase.aspx');
INSERT INTO menu_group (menu_group_id,group_name, group_sort_order, group_target) VALUES (5,'Change Password',5,'ChangePassword.aspx');
INSERT INTO menu_group (menu_group_id,group_name, group_sort_order, group_target) VALUES (7,'Logout',7,'Logout.aspx');

INSERT INTO menu_item (menu_item_id, menu_group_id,item_name, item_sort_order, item_target, visibled)   VALUES (1,1,'Funding Source Invoices',1,'FundingSourceInvoice.aspx',1);
INSERT INTO menu_item (menu_item_id, menu_group_id,item_name, item_sort_order, item_target, visibled)   VALUES (2,1,'Agency Accounts Payable',2,'AgencyPayable.aspx',1);
INSERT INTO menu_item (menu_item_id, menu_group_id,item_name, item_sort_order, item_target, visibled)   VALUES (17,3,'ForeclosureDetail',1,'ForeclosureCaseInfo.aspx',0);
INSERT INTO menu_item (menu_item_id, menu_group_id,item_name, item_sort_order, item_target, visibled)   VALUES (18,1,'Invoice Payments',3,'InvoicePayment.aspx',1);
