-- =============================================
-- Create date: 27 Feb 2009
-- Project : HPF 
-- Build 
-- Description:	Insert initial data : ref_code_set, ref_code_item
--		, ws_user, menu_group, menu_item, menu_security, create some default hpf_user and grant their permissions
--		, outcome
-- =============================================

USE HPF 
GO
DELETE FROM ref_code_item ;
DELETE FROM ref_code_set ;

INSERT INTO ref_code_set (ref_code_set_name,code_set_comment) VALUES ('activity code','Activity code');
INSERT INTO ref_code_set (ref_code_set_name,code_set_comment) VALUES ('agency code','Agency code');
INSERT INTO ref_code_set (ref_code_set_name,code_set_comment) VALUES ('agency payable status code','Agency Payable - Status code');
INSERT INTO ref_code_set (ref_code_set_name,code_set_comment) VALUES ('audit type code', 'Audit type code');
INSERT INTO ref_code_set (ref_code_set_name,code_set_comment) VALUES ('billing delivery method code','Funding source - Billing delivery method code');
INSERT INTO ref_code_set (ref_code_set_name, code_set_comment) VALUES('billing export format code', 'Billing export format code');
INSERT INTO ref_code_set (ref_code_set_name,code_set_comment) VALUES ('budget category code','Budget category code');
INSERT INTO ref_code_set (ref_code_set_name,code_set_comment) VALUES ('call center code','Call Center code');
INSERT INTO ref_code_set (ref_code_set_name,code_set_comment) VALUES ('case follow up outcome code','Case follow up outcome code');
INSERT INTO ref_code_set (ref_code_set_name,code_set_comment) VALUES ('call source code','Call source code');
INSERT INTO ref_code_set (ref_code_set_name,code_set_comment) VALUES ('case source code','Case source code');
INSERT INTO ref_code_set (ref_code_set_name,code_set_comment) VALUES ('case status code','Case status code');
INSERT INTO ref_code_set (ref_code_set_name,code_set_comment) VALUES ('counseling duration code', 'Counseling duration code');
INSERT INTO ref_code_set (ref_code_set_name,code_set_comment) VALUES ('counseling summary format code','Servicer - Counseling summary format code');
INSERT INTO ref_code_set (ref_code_set_name,code_set_comment) VALUES ('credit bureau code','Credit bureau code');
INSERT INTO ref_code_set (ref_code_set_name,code_set_comment) VALUES ('default reason code','Default reason code');
INSERT INTO ref_code_set (ref_code_set_name,code_set_comment) VALUES ('education level completed code','Education level completed code');
INSERT INTO ref_code_set (ref_code_set_name,code_set_comment) VALUES ('export format code','Funding source-Export format code');
INSERT INTO ref_code_set (ref_code_set_name,code_set_comment) VALUES ('final disposition code','Call - Final Disposition code');
INSERT INTO ref_code_set (ref_code_set_name,code_set_comment) VALUES ('follow up source code', 'Follow up source code');
INSERT INTO ref_code_set (ref_code_set_name,code_set_comment) VALUES ('gender code','Gender code');
INSERT INTO ref_code_set (ref_code_set_name,code_set_comment) VALUES ('household code','Household code');
INSERT INTO ref_code_set (ref_code_set_name,code_set_comment) VALUES ('hud outcome code','HUD outcome code');
INSERT INTO ref_code_set (ref_code_set_name,code_set_comment) VALUES ('hud termination reason code','HUD termination reason code');
INSERT INTO ref_code_set (ref_code_set_name,code_set_comment) VALUES ('income earners code','Income earners code');
INSERT INTO ref_code_set (ref_code_set_name,code_set_comment) VALUES ('invoice status code','Invoice - Status code');
INSERT INTO ref_code_set (ref_code_set_name,code_set_comment) VALUES ('invoice code','Invoice code');
INSERT INTO ref_code_set (ref_code_set_name,code_set_comment) VALUES ('mortgage program code','Mortgage program code');
INSERT INTO ref_code_set (ref_code_set_name,code_set_comment) VALUES ('marital status code','Marital status code');
INSERT INTO ref_code_set (ref_code_set_name,code_set_comment) VALUES ('military service code','Military service code');
INSERT INTO ref_code_set (ref_code_set_name,code_set_comment) VALUES ('mortgage type code','Mortgage type code');
INSERT INTO ref_code_set (ref_code_set_name,code_set_comment) VALUES ('never bill reason code','Never bill reason code');
INSERT INTO ref_code_set (ref_code_set_name,code_set_comment) VALUES ('never pay reason code','Never pay reason code');
INSERT INTO ref_code_set (ref_code_set_name,code_set_comment) VALUES ('occupation code','Occupation code');
INSERT INTO ref_code_set (ref_code_set_name,code_set_comment) VALUES ('preferred language code','Preferred language code');
INSERT INTO ref_code_set (ref_code_set_name,code_set_comment) VALUES ('loan 1st 2nd','Loan 1st 2nd');
INSERT INTO ref_code_set (ref_code_set_name,code_set_comment) VALUES ('loan delinquency status code','Loan delinquency status code');
INSERT INTO ref_code_set (ref_code_set_name,code_set_comment) VALUES ('payment code','Payment code');
INSERT INTO ref_code_set (ref_code_set_name,code_set_comment) VALUES ('payment reject reason code', 'Payment reject reason code');
INSERT INTO ref_code_set (ref_code_set_name,code_set_comment) VALUES ('program service code','Program service code');
INSERT INTO ref_code_set (ref_code_set_name,code_set_comment) VALUES ('property code','Property code');
INSERT INTO ref_code_set (ref_code_set_name,code_set_comment) VALUES ('race code','Race code');
INSERT INTO ref_code_set (ref_code_set_name,code_set_comment) VALUES ('secure delivery method code','Servicer - Secure delivery method code');
INSERT INTO ref_code_set (ref_code_set_name,code_set_comment) VALUES ('state','State');
INSERT INTO ref_code_set (ref_code_set_name,code_set_comment) VALUES ('summary sent other code','Summary sent other code');
INSERT INTO ref_code_set (ref_code_set_name,code_set_comment) VALUES ('system activity code','System activity code');
INSERT INTO ref_code_set (ref_code_set_name, code_set_comment) VALUES('takeback reason code', 'Takeback reason code');
INSERT INTO ref_code_set (ref_code_set_name,code_set_comment) VALUES ('term length code','Case loan - Term length code');

/****************************************************************************/
INSERT INTO ref_code_item(ref_code_set_name,code,code_desc,code_comment,sort_order,active_ind,create_dt,create_user_id,create_app_name,chg_lst_dt,chg_lst_user_id,chg_lst_app_name) VALUES('activity code','SCONS','Servicer Consent Change','',1,'Y',getdate(),'Installation','SQL Studio',getdate(),'Installation','SQL Studio');
INSERT INTO ref_code_item(ref_code_set_name,code,code_desc,code_comment,sort_order,active_ind,create_dt,create_user_id,create_app_name,chg_lst_dt,chg_lst_user_id,chg_lst_app_name) VALUES('activity code','FCONS','Funding Consent Change','',2,'Y',getdate(),'Installation','SQL Studio',getdate(),'Installation','SQL Studio');
INSERT INTO ref_code_item(ref_code_set_name,code,code_desc,code_comment,sort_order,active_ind,create_dt,create_user_id,create_app_name,chg_lst_dt,chg_lst_user_id,chg_lst_app_name) VALUES('activity code','SERV','Servicer Change','',3,'Y',getdate(),'Installation','SQL Studio',getdate(),'Installation','SQL Studio');
INSERT INTO ref_code_item(ref_code_set_name,code,code_desc,code_comment,sort_order,active_ind,create_dt,create_user_id,create_app_name,chg_lst_dt,chg_lst_user_id,chg_lst_app_name) VALUES('activity code','LOAN','Loan Number Change','',4,'Y',getdate(),'Installation','SQL Studio',getdate(),'Installation','SQL Studio');
INSERT INTO ref_code_item(ref_code_set_name,code,code_desc,code_comment,sort_order,active_ind,create_dt,create_user_id,create_app_name,chg_lst_dt,chg_lst_user_id,chg_lst_app_name) VALUES('activity code','1ST2ND','Loan 1st 2nd Change','',5,'Y',getdate(),'Installation','SQL Studio',getdate(),'Installation','SQL Studio');
INSERT INTO ref_code_item(ref_code_set_name,code,code_desc,code_comment,sort_order,active_ind,create_dt,create_user_id,create_app_name,chg_lst_dt,chg_lst_user_id,chg_lst_app_name) VALUES('activity code','NBILL','Never Bill Reason Change','',6,'Y',getdate(),'Installation','SQL Studio',getdate(),'Installation','SQL Studio');
INSERT INTO ref_code_item(ref_code_set_name,code,code_desc,code_comment,sort_order,active_ind,create_dt,create_user_id,create_app_name,chg_lst_dt,chg_lst_user_id,chg_lst_app_name) VALUES('activity code','NPAY','Never Pay Reason Change','',7,'Y',getdate(),'Installation','SQL Studio',getdate(),'Installation','SQL Studio');
INSERT INTO ref_code_item(ref_code_set_name,code,code_desc,code_comment,sort_order,active_ind,create_dt,create_user_id,create_app_name,chg_lst_dt,chg_lst_user_id,chg_lst_app_name) VALUES('activity code','AGENCY','Agency Change','',8,'Y',getdate(),'Installation','SQL Studio',getdate(),'Installation','SQL Studio');
INSERT INTO ref_code_item(ref_code_set_name,code,code_desc,code_comment,sort_order,active_ind,create_dt,create_user_id,create_app_name,chg_lst_dt,chg_lst_user_id,chg_lst_app_name) VALUES('activity code','DUPE','Duplicate Indicator Change','',9,'Y',getdate(),'Installation','SQL Studio',getdate(),'Installation','SQL Studio');
INSERT INTO ref_code_item(ref_code_set_name,code,code_desc,code_comment,sort_order,active_ind,create_dt,create_user_id,create_app_name,chg_lst_dt,chg_lst_user_id,chg_lst_app_name) VALUES('activity code','EMAIL','User Requested Case Summary Email','',10,'Y',getdate(),'Installation','SQL Studio',getdate(),'Installation','SQL Studio');
INSERT INTO ref_code_item(ref_code_set_name,code,code_desc,code_comment,sort_order,active_ind,create_dt,create_user_id,create_app_name,chg_lst_dt,chg_lst_user_id,chg_lst_app_name) VALUES('activity code','SUMM','Case Summary Sent','',11,'Y',getdate(),'Installation','SQL Studio',getdate(),'Installation','SQL Studio');
INSERT INTO ref_code_item(ref_code_set_name,code,code_desc,code_comment,sort_order,active_ind,create_dt,create_user_id,create_app_name,chg_lst_dt,chg_lst_user_id,chg_lst_app_name) VALUES('activity code','CAP','Client Action Plan Sent','',12,'Y',getdate(),'Installation','SQL Studio',getdate(),'Installation','SQL Studio');
INSERT INTO ref_code_item(ref_code_set_name,code,code_desc,code_comment,sort_order,active_ind,create_dt,create_user_id,create_app_name,chg_lst_dt,chg_lst_user_id,chg_lst_app_name) VALUES('activity code','1STLOANDEL','1st Loan Deleted','',13,'Y',getdate(),'Installation','SQL Studio',getdate(),'Installation','SQL Studio');
INSERT INTO ref_code_item(ref_code_set_name,code,code_desc,code_comment,sort_order,active_ind,create_dt,create_user_id,create_app_name,chg_lst_dt,chg_lst_user_id,chg_lst_app_name) VALUES('activity code','1STLOANINS','1st Loan Inserted','',14,'Y',getdate(),'Installation','SQL Studio',getdate(),'Installation','SQL Studio');
INSERT INTO ref_code_item(ref_code_set_name,code,code_desc,code_comment,sort_order,active_ind,create_dt,create_user_id,create_app_name,chg_lst_dt,chg_lst_user_id,chg_lst_app_name) VALUES('activity code','2NDLOANDEL','2nd Loan Deleted','',15,'Y',getdate(),'Installation','SQL Studio',getdate(),'Installation','SQL Studio');
INSERT INTO ref_code_item(ref_code_set_name,code,code_desc,code_comment,sort_order,active_ind,create_dt,create_user_id,create_app_name,chg_lst_dt,chg_lst_user_id,chg_lst_app_name) VALUES('activity code','2NDLOANINS','2nd Loan Inserted','',16,'Y',getdate(),'Installation','SQL Studio',getdate(),'Installation','SQL Studio');
INSERT INTO ref_code_item(ref_code_set_name,code,code_desc,code_comment,sort_order,active_ind,create_dt,create_user_id,create_app_name,chg_lst_dt,chg_lst_user_id,chg_lst_app_name) VALUES('activity code','CONV','Initial CCRC Conversion','',17,'Y',getdate(),'Installation','SQL Studio',getdate(),'Installation','SQL Studio');
INSERT INTO ref_code_item(ref_code_set_name,code,code_desc,code_comment,sort_order,active_ind,create_dt,create_user_id,create_app_name,chg_lst_dt,chg_lst_user_id,chg_lst_app_name) VALUES('activity code','CONVINS','Insert After Conversion','',18,'Y',getdate(),'Installation','SQL Studio',getdate(),'Installation','SQL Studio');
INSERT INTO ref_code_item(ref_code_set_name,code,code_desc,code_comment,sort_order,active_ind,create_dt,create_user_id,create_app_name,chg_lst_dt,chg_lst_user_id,chg_lst_app_name) VALUES('activity code','CONVUPD','Updated After Conversion','',19,'Y',getdate(),'Installation','SQL Studio',getdate(),'Installation','SQL Studio');

INSERT INTO ref_code_item(ref_code_set_name,code,code_desc,code_comment,sort_order,active_ind,create_dt,create_user_id,create_app_name,chg_lst_dt,chg_lst_user_id,chg_lst_app_name) VALUES('agency code','CCRC','CCRC','Josh do we need this anymore?',1,'Y',getdate(),'Installation','SQL Studio',getdate(),'Installation','SQL Studio');
INSERT INTO ref_code_item(ref_code_set_name,code,code_desc,code_comment,sort_order,active_ind,create_dt,create_user_id,create_app_name,chg_lst_dt,chg_lst_user_id,chg_lst_app_name) VALUES('agency code','NWO/NHS','NWO/NHS','Josh do we need this anymore?',2,'Y',getdate(),'Installation','SQL Studio',getdate(),'Installation','SQL Studio');

INSERT INTO ref_code_item(ref_code_set_name,code,code_desc,code_comment,sort_order,active_ind,create_dt,create_user_id,create_app_name,chg_lst_dt,chg_lst_user_id,chg_lst_app_name) VALUES('audit type code','ONSITE','On-Site Audit','',1,'Y',getdate(),'Installation','SQL Studio',getdate(),'Installation','SQL Studio');
INSERT INTO ref_code_item(ref_code_set_name,code,code_desc,code_comment,sort_order,active_ind,create_dt,create_user_id,create_app_name,chg_lst_dt,chg_lst_user_id,chg_lst_app_name) VALUES('audit type code','DESK','Desk Audit','',2,'Y',getdate(),'Installation','SQL Studio',getdate(),'Installation','SQL Studio');

INSERT INTO ref_code_item(ref_code_set_name,code,code_desc,code_comment,sort_order,active_ind,create_dt,create_user_id,create_app_name,chg_lst_dt,chg_lst_user_id,chg_lst_app_name) VALUES('budget category code','INC','Income','Income',1,'Y',getdate(),'Installation','SQL Studio',getdate(),'Installation','SQL Studio');
INSERT INTO ref_code_item(ref_code_set_name,code,code_desc,code_comment,sort_order,active_ind,create_dt,create_user_id,create_app_name,chg_lst_dt,chg_lst_user_id,chg_lst_app_name) VALUES('budget category code','EXP','Expense','Expense',2,'Y',getdate(),'Installation','SQL Studio',getdate(),'Installation','SQL Studio');

INSERT INTO ref_code_item(ref_code_set_name,code,code_desc,code_comment,sort_order,active_ind,create_dt,create_user_id,create_app_name,chg_lst_dt,chg_lst_user_id,chg_lst_app_name) VALUES('call center code','ICT','ITC Group','',1,'Y',getdate(),'Installation','SQL Studio',getdate(),'Installation','SQL Studio');
INSERT INTO ref_code_item(ref_code_set_name,code,code_desc,code_comment,sort_order,active_ind,create_dt,create_user_id,create_app_name,chg_lst_dt,chg_lst_user_id,chg_lst_app_name) VALUES('call center code','ATL','CCCS Atlanta','',2,'Y',getdate(),'Installation','SQL Studio',getdate(),'Installation','SQL Studio');
INSERT INTO ref_code_item(ref_code_set_name,code,code_desc,code_comment,sort_order,active_ind,create_dt,create_user_id,create_app_name,chg_lst_dt,chg_lst_user_id,chg_lst_app_name) VALUES('call center code','MMI','Money Management Inc.','',4,'Y',getdate(),'Installation','SQL Studio',getdate(),'Installation','SQL Studio');
INSERT INTO ref_code_item(ref_code_set_name,code,code_desc,code_comment,sort_order,active_ind,create_dt,create_user_id,create_app_name,chg_lst_dt,chg_lst_user_id,chg_lst_app_name) VALUES('case follow up outcome code','WOPLAN','Got a work out plan','Got a work out plan',1,'Y',getdate(),'Installation','SQL Studio',getdate(),'Installation','SQL Studio');
INSERT INTO ref_code_item(ref_code_set_name,code,code_desc,code_comment,sort_order,active_ind,create_dt,create_user_id,create_app_name,chg_lst_dt,chg_lst_user_id,chg_lst_app_name) VALUES('case follow up outcome code','LOANMOD','Got a loan mod','Got a loan mod',2,'Y',getdate(),'Installation','SQL Studio',getdate(),'Installation','SQL Studio');

INSERT INTO ref_code_item(ref_code_set_name,code,code_desc,code_comment,sort_order,active_ind,create_dt,create_user_id,create_app_name,chg_lst_dt,chg_lst_user_id,chg_lst_app_name) VALUES('counseling duration code','<30','Less than 30 minutes','',1,'Y',getdate(),'Installation','SQL Studio',getdate(),'Installation','SQL Studio');
INSERT INTO ref_code_item(ref_code_set_name,code,code_desc,code_comment,sort_order,active_ind,create_dt,create_user_id,create_app_name,chg_lst_dt,chg_lst_user_id,chg_lst_app_name) VALUES('counseling duration code','30-59','30-59 minutes','',1,'Y',getdate(),'Installation','SQL Studio',getdate(),'Installation','SQL Studio');
INSERT INTO ref_code_item(ref_code_set_name,code,code_desc,code_comment,sort_order,active_ind,create_dt,create_user_id,create_app_name,chg_lst_dt,chg_lst_user_id,chg_lst_app_name) VALUES('counseling duration code','60-89','60-89 minutes','',1,'Y',getdate(),'Installation','SQL Studio',getdate(),'Installation','SQL Studio');
INSERT INTO ref_code_item(ref_code_set_name,code,code_desc,code_comment,sort_order,active_ind,create_dt,create_user_id,create_app_name,chg_lst_dt,chg_lst_user_id,chg_lst_app_name) VALUES('counseling duration code','90-120','90-120 minutes','',1,'Y',getdate(),'Installation','SQL Studio',getdate(),'Installation','SQL Studio');
INSERT INTO ref_code_item(ref_code_set_name,code,code_desc,code_comment,sort_order,active_ind,create_dt,create_user_id,create_app_name,chg_lst_dt,chg_lst_user_id,chg_lst_app_name) VALUES('counseling duration code','>121','More than 120 minutes','',1,'Y',getdate(),'Installation','SQL Studio',getdate(),'Installation','SQL Studio');

INSERT INTO ref_code_item(ref_code_set_name,code,code_desc,code_comment,sort_order,active_ind,create_dt,create_user_id,create_app_name,chg_lst_dt,chg_lst_user_id,chg_lst_app_name) VALUES('credit bureau code','TU','Trans-Union','Trans-Union',1,'Y',getdate(),'Installation','SQL Studio',getdate(),'Installation','SQL Studio');
INSERT INTO ref_code_item(ref_code_set_name,code,code_desc,code_comment,sort_order,active_ind,create_dt,create_user_id,create_app_name,chg_lst_dt,chg_lst_user_id,chg_lst_app_name) VALUES('credit bureau code','EQUIFAX','Equifax','Equifax',2,'Y',getdate(),'Installation','SQL Studio',getdate(),'Installation','SQL Studio');
INSERT INTO ref_code_item(ref_code_set_name,code,code_desc,code_comment,sort_order,active_ind,create_dt,create_user_id,create_app_name,chg_lst_dt,chg_lst_user_id,chg_lst_app_name) VALUES('credit bureau code','EXPERION','Experion','Experion',3,'Y',getdate(),'Installation','SQL Studio',getdate(),'Installation','SQL Studio');
INSERT INTO ref_code_item(ref_code_set_name,code,code_desc,code_comment,sort_order,active_ind,create_dt,create_user_id,create_app_name,chg_lst_dt,chg_lst_user_id,chg_lst_app_name) VALUES('credit bureau code','TRI-MERGE','Tri-merge','Tri-merge',4,'Y',getdate(),'Installation','SQL Studio',getdate(),'Installation','SQL Studio');

INSERT INTO ref_code_item(ref_code_set_name,code,code_desc,code_comment,sort_order,active_ind,create_dt,create_user_id,create_app_name,chg_lst_dt,chg_lst_user_id,chg_lst_app_name) VALUES('default reason code','1','Death of Borrower','',1,'Y',getdate(),'Installation','SQL Studio',getdate(),'Installation','SQL Studio');
INSERT INTO ref_code_item(ref_code_set_name,code,code_desc,code_comment,sort_order,active_ind,create_dt,create_user_id,create_app_name,chg_lst_dt,chg_lst_user_id,chg_lst_app_name) VALUES('default reason code','10','Inability to Sell','',10,'Y',getdate(),'Installation','SQL Studio',getdate(),'Installation','SQL Studio');
INSERT INTO ref_code_item(ref_code_set_name,code,code_desc,code_comment,sort_order,active_ind,create_dt,create_user_id,create_app_name,chg_lst_dt,chg_lst_user_id,chg_lst_app_name) VALUES('default reason code','11','Inability to Rent','',11,'Y',getdate(),'Installation','SQL Studio',getdate(),'Installation','SQL Studio');
INSERT INTO ref_code_item(ref_code_set_name,code,code_desc,code_comment,sort_order,active_ind,create_dt,create_user_id,create_app_name,chg_lst_dt,chg_lst_user_id,chg_lst_app_name) VALUES('default reason code','12','Military Service','',12,'Y',getdate(),'Installation','SQL Studio',getdate(),'Installation','SQL Studio');
INSERT INTO ref_code_item(ref_code_set_name,code,code_desc,code_comment,sort_order,active_ind,create_dt,create_user_id,create_app_name,chg_lst_dt,chg_lst_user_id,chg_lst_app_name) VALUES('default reason code','13','Unemployed','',13,'Y',getdate(),'Installation','SQL Studio',getdate(),'Installation','SQL Studio');
INSERT INTO ref_code_item(ref_code_set_name,code,code_desc,code_comment,sort_order,active_ind,create_dt,create_user_id,create_app_name,chg_lst_dt,chg_lst_user_id,chg_lst_app_name) VALUES('default reason code','14','Business Failure','',14,'Y',getdate(),'Installation','SQL Studio',getdate(),'Installation','SQL Studio');
INSERT INTO ref_code_item(ref_code_set_name,code,code_desc,code_comment,sort_order,active_ind,create_dt,create_user_id,create_app_name,chg_lst_dt,chg_lst_user_id,chg_lst_app_name) VALUES('default reason code','15','Tenant not Paying','',15,'Y',getdate(),'Installation','SQL Studio',getdate(),'Installation','SQL Studio');
INSERT INTO ref_code_item(ref_code_set_name,code,code_desc,code_comment,sort_order,active_ind,create_dt,create_user_id,create_app_name,chg_lst_dt,chg_lst_user_id,chg_lst_app_name) VALUES('default reason code','16','Casualty Loss','',16,'Y',getdate(),'Installation','SQL Studio',getdate(),'Installation','SQL Studio');
INSERT INTO ref_code_item(ref_code_set_name,code,code_desc,code_comment,sort_order,active_ind,create_dt,create_user_id,create_app_name,chg_lst_dt,chg_lst_user_id,chg_lst_app_name) VALUES('default reason code','17','Energy/Environmental Cost','',17,'Y',getdate(),'Installation','SQL Studio',getdate(),'Installation','SQL Studio');
INSERT INTO ref_code_item(ref_code_set_name,code,code_desc,code_comment,sort_order,active_ind,create_dt,create_user_id,create_app_name,chg_lst_dt,chg_lst_user_id,chg_lst_app_name) VALUES('default reason code','18','Servicing Problem','',18,'Y',getdate(),'Installation','SQL Studio',getdate(),'Installation','SQL Studio');
INSERT INTO ref_code_item(ref_code_set_name,code,code_desc,code_comment,sort_order,active_ind,create_dt,create_user_id,create_app_name,chg_lst_dt,chg_lst_user_id,chg_lst_app_name) VALUES('default reason code','19','Payment Adjustment','',19,'Y',getdate(),'Installation','SQL Studio',getdate(),'Installation','SQL Studio');
INSERT INTO ref_code_item(ref_code_set_name,code,code_desc,code_comment,sort_order,active_ind,create_dt,create_user_id,create_app_name,chg_lst_dt,chg_lst_user_id,chg_lst_app_name) VALUES('default reason code','2','Illness','',2,'Y',getdate(),'Installation','SQL Studio',getdate(),'Installation','SQL Studio');
INSERT INTO ref_code_item(ref_code_set_name,code,code_desc,code_comment,sort_order,active_ind,create_dt,create_user_id,create_app_name,chg_lst_dt,chg_lst_user_id,chg_lst_app_name) VALUES('default reason code','20','Payment Dispute','',20,'Y',getdate(),'Installation','SQL Studio',getdate(),'Installation','SQL Studio');
INSERT INTO ref_code_item(ref_code_set_name,code,code_desc,code_comment,sort_order,active_ind,create_dt,create_user_id,create_app_name,chg_lst_dt,chg_lst_user_id,chg_lst_app_name) VALUES('default reason code','21','Transfer of Ownership','',21,'Y',getdate(),'Installation','SQL Studio',getdate(),'Installation','SQL Studio');
INSERT INTO ref_code_item(ref_code_set_name,code,code_desc,code_comment,sort_order,active_ind,create_dt,create_user_id,create_app_name,chg_lst_dt,chg_lst_user_id,chg_lst_app_name) VALUES('default reason code','22','Fraud','',22,'Y',getdate(),'Installation','SQL Studio',getdate(),'Installation','SQL Studio');
INSERT INTO ref_code_item(ref_code_set_name,code,code_desc,code_comment,sort_order,active_ind,create_dt,create_user_id,create_app_name,chg_lst_dt,chg_lst_user_id,chg_lst_app_name) VALUES('default reason code','23','Incarceration','',23,'Y',getdate(),'Installation','SQL Studio',getdate(),'Installation','SQL Studio');
INSERT INTO ref_code_item(ref_code_set_name,code,code_desc,code_comment,sort_order,active_ind,create_dt,create_user_id,create_app_name,chg_lst_dt,chg_lst_user_id,chg_lst_app_name) VALUES('default reason code','24','Other','',24,'Y',getdate(),'Installation','SQL Studio',getdate(),'Installation','SQL Studio');
INSERT INTO ref_code_item(ref_code_set_name,code,code_desc,code_comment,sort_order,active_ind,create_dt,create_user_id,create_app_name,chg_lst_dt,chg_lst_user_id,chg_lst_app_name) VALUES('default reason code','25','N/A','',25,'Y',getdate(),'Installation','SQL Studio',getdate(),'Installation','SQL Studio');
INSERT INTO ref_code_item(ref_code_set_name,code,code_desc,code_comment,sort_order,active_ind,create_dt,create_user_id,create_app_name,chg_lst_dt,chg_lst_user_id,chg_lst_app_name) VALUES('default reason code','3','Clarifying Illness in Borrowers Family','',3,'Y',getdate(),'Installation','SQL Studio',getdate(),'Installation','SQL Studio');
INSERT INTO ref_code_item(ref_code_set_name,code,code_desc,code_comment,sort_order,active_ind,create_dt,create_user_id,create_app_name,chg_lst_dt,chg_lst_user_id,chg_lst_app_name) VALUES('default reason code','4','Death in Family','',4,'Y',getdate(),'Installation','SQL Studio',getdate(),'Installation','SQL Studio');
INSERT INTO ref_code_item(ref_code_set_name,code,code_desc,code_comment,sort_order,active_ind,create_dt,create_user_id,create_app_name,chg_lst_dt,chg_lst_user_id,chg_lst_app_name) VALUES('default reason code','5','Marital/Relationship Problems','',5,'Y',getdate(),'Installation','SQL Studio',getdate(),'Installation','SQL Studio');
INSERT INTO ref_code_item(ref_code_set_name,code,code_desc,code_comment,sort_order,active_ind,create_dt,create_user_id,create_app_name,chg_lst_dt,chg_lst_user_id,chg_lst_app_name) VALUES('default reason code','6','Reduction of Income','',6,'Y',getdate(),'Installation','SQL Studio',getdate(),'Installation','SQL Studio');
INSERT INTO ref_code_item(ref_code_set_name,code,code_desc,code_comment,sort_order,active_ind,create_dt,create_user_id,create_app_name,chg_lst_dt,chg_lst_user_id,chg_lst_app_name) VALUES('default reason code','7','Excessive Obligations','',7,'Y',getdate(),'Installation','SQL Studio',getdate(),'Installation','SQL Studio');
INSERT INTO ref_code_item(ref_code_set_name,code,code_desc,code_comment,sort_order,active_ind,create_dt,create_user_id,create_app_name,chg_lst_dt,chg_lst_user_id,chg_lst_app_name) VALUES('default reason code','8','Employment Transfer','',8,'Y',getdate(),'Installation','SQL Studio',getdate(),'Installation','SQL Studio');
INSERT INTO ref_code_item(ref_code_set_name,code,code_desc,code_comment,sort_order,active_ind,create_dt,create_user_id,create_app_name,chg_lst_dt,chg_lst_user_id,chg_lst_app_name) VALUES('default reason code','9','Property Problems','',9,'Y',getdate(),'Installation','SQL Studio',getdate(),'Installation','SQL Studio');

INSERT INTO ref_code_item(ref_code_set_name,code,code_desc,code_comment,sort_order,active_ind,create_dt,create_user_id,create_app_name,chg_lst_dt,chg_lst_user_id,chg_lst_app_name) VALUES('export format code','FIS','FIS Export','',1,'Y',getdate(),'Installation','SQL Studio',getdate(),'Installation','SQL Studio');
INSERT INTO ref_code_item(ref_code_set_name,code,code_desc,code_comment,sort_order,active_ind,create_dt,create_user_id,create_app_name,chg_lst_dt,chg_lst_user_id,chg_lst_app_name) VALUES('export format code','ICLEAR','iClear Export','',2,'Y',getdate(),'Installation','SQL Studio',getdate(),'Installation','SQL Studio');
INSERT INTO ref_code_item(ref_code_set_name,code,code_desc,code_comment,sort_order,active_ind,create_dt,create_user_id,create_app_name,chg_lst_dt,chg_lst_user_id,chg_lst_app_name) VALUES('export format code','NFMC','NFMC Export','',3,'Y',getdate(),'Installation','SQL Studio',getdate(),'Installation','SQL Studio');
INSERT INTO ref_code_item(ref_code_set_name,code,code_desc,code_comment,sort_order,active_ind,create_dt,create_user_id,create_app_name,chg_lst_dt,chg_lst_user_id,chg_lst_app_name) VALUES('export format code','HPFSTD','HPF Standard Export','',4,'Y',getdate(),'Installation','SQL Studio',getdate(),'Installation','SQL Studio');
INSERT INTO ref_code_item(ref_code_set_name,code,code_desc,code_comment,sort_order,active_ind,create_dt,create_user_id,create_app_name,chg_lst_dt,chg_lst_user_id,chg_lst_app_name) VALUES('export format code','HSBC','HSBC  Export','',5,'Y',getdate(),'Installation','SQL Studio',getdate(),'Installation','SQL Studio');

INSERT INTO ref_code_item(ref_code_set_name,code,code_desc,code_comment,sort_order,active_ind,create_dt,create_user_id,create_app_name,chg_lst_dt,chg_lst_user_id,chg_lst_app_name) VALUES('gender code','FEMALE','Female','',1,'Y',getdate(),'Installation','SQL Studio',getdate(),'Installation','SQL Studio');
INSERT INTO ref_code_item(ref_code_set_name,code,code_desc,code_comment,sort_order,active_ind,create_dt,create_user_id,create_app_name,chg_lst_dt,chg_lst_user_id,chg_lst_app_name) VALUES('gender code','MALE','Male','',2,'Y',getdate(),'Installation','SQL Studio',getdate(),'Installation','SQL Studio');
INSERT INTO ref_code_item(ref_code_set_name,code,code_desc,code_comment,sort_order,active_ind,create_dt,create_user_id,create_app_name,chg_lst_dt,chg_lst_user_id,chg_lst_app_name) VALUES('gender code','DECLINED','Declined to Specify','',3,'Y',getdate(),'Installation','SQL Studio',getdate(),'Installation','SQL Studio');

INSERT INTO ref_code_item(ref_code_set_name,code,code_desc,code_comment,sort_order,active_ind,create_dt,create_user_id,create_app_name,chg_lst_dt,chg_lst_user_id,chg_lst_app_name) VALUES('household code','SINGL','Single adult','',1,'Y',getdate(),'Installation','SQL Studio',getdate(),'Installation','SQL Studio');
INSERT INTO ref_code_item(ref_code_set_name,code,code_desc,code_comment,sort_order,active_ind,create_dt,create_user_id,create_app_name,chg_lst_dt,chg_lst_user_id,chg_lst_app_name) VALUES('household code','FHOH','Female-headed single parent household','',2,'Y',getdate(),'Installation','SQL Studio',getdate(),'Installation','SQL Studio');
INSERT INTO ref_code_item(ref_code_set_name,code,code_desc,code_comment,sort_order,active_ind,create_dt,create_user_id,create_app_name,chg_lst_dt,chg_lst_user_id,chg_lst_app_name) VALUES('household code','MHOH','Male-headed single parent household','',3,'Y',getdate(),'Installation','SQL Studio',getdate(),'Installation','SQL Studio');
INSERT INTO ref_code_item(ref_code_set_name,code,code_desc,code_comment,sort_order,active_ind,create_dt,create_user_id,create_app_name,chg_lst_dt,chg_lst_user_id,chg_lst_app_name) VALUES('household code','MNODEP','Married without dependents','',4,'Y',getdate(),'Installation','SQL Studio',getdate(),'Installation','SQL Studio');
INSERT INTO ref_code_item(ref_code_set_name,code,code_desc,code_comment,sort_order,active_ind,create_dt,create_user_id,create_app_name,chg_lst_dt,chg_lst_user_id,chg_lst_app_name) VALUES('household code','MWDEP','Married with dependents','',5,'Y',getdate(),'Installation','SQL Studio',getdate(),'Installation','SQL Studio');
INSERT INTO ref_code_item(ref_code_set_name,code,code_desc,code_comment,sort_order,active_ind,create_dt,create_user_id,create_app_name,chg_lst_dt,chg_lst_user_id,chg_lst_app_name) VALUES('household code','MADULT','Two or more unrelated adults','',6,'Y',getdate(),'Installation','SQL Studio',getdate(),'Installation','SQL Studio');
INSERT INTO ref_code_item(ref_code_set_name,code,code_desc,code_comment,sort_order,active_ind,create_dt,create_user_id,create_app_name,chg_lst_dt,chg_lst_user_id,chg_lst_app_name) VALUES('household code','OTHER','Other','',7,'Y',getdate(),'Installation','SQL Studio',getdate(),'Installation','SQL Studio');
INSERT INTO ref_code_item(ref_code_set_name,code,code_desc,code_comment,sort_order,active_ind,create_dt,create_user_id,create_app_name,chg_lst_dt,chg_lst_user_id,chg_lst_app_name) VALUES('hud outcome code','1','Brought mortgage current','',1,'Y',getdate(),'Installation','SQL Studio',getdate(),'Installation','SQL Studio');
INSERT INTO ref_code_item(ref_code_set_name,code,code_desc,code_comment,sort_order,active_ind,create_dt,create_user_id,create_app_name,chg_lst_dt,chg_lst_user_id,chg_lst_app_name) VALUES('hud outcome code','10','Counseled and referred to another social service or emergency assistance agency','',10,'Y',getdate(),'Installation','SQL Studio',getdate(),'Installation','SQL Studio');
INSERT INTO ref_code_item(ref_code_set_name,code,code_desc,code_comment,sort_order,active_ind,create_dt,create_user_id,create_app_name,chg_lst_dt,chg_lst_user_id,chg_lst_app_name) VALUES('hud outcome code','11','Obtained partial claim loan from FHA lender','',11,'Y',getdate(),'Installation','SQL Studio',getdate(),'Installation','SQL Studio');
INSERT INTO ref_code_item(ref_code_set_name,code,code_desc,code_comment,sort_order,active_ind,create_dt,create_user_id,create_app_name,chg_lst_dt,chg_lst_user_id,chg_lst_app_name) VALUES('hud outcome code','12','Bankruptcy','',12,'Y',getdate(),'Installation','SQL Studio',getdate(),'Installation','SQL Studio');
INSERT INTO ref_code_item(ref_code_set_name,code,code_desc,code_comment,sort_order,active_ind,create_dt,create_user_id,create_app_name,chg_lst_dt,chg_lst_user_id,chg_lst_app_name) VALUES('hud outcome code','13','Entered debt management plan','',13,'Y',getdate(),'Installation','SQL Studio',getdate(),'Installation','SQL Studio');
INSERT INTO ref_code_item(ref_code_set_name,code,code_desc,code_comment,sort_order,active_ind,create_dt,create_user_id,create_app_name,chg_lst_dt,chg_lst_user_id,chg_lst_app_name) VALUES('hud outcome code','14','Counseled and referred for legal assistance','',14,'Y',getdate(),'Installation','SQL Studio',getdate(),'Installation','SQL Studio');
INSERT INTO ref_code_item(ref_code_set_name,code,code_desc,code_comment,sort_order,active_ind,create_dt,create_user_id,create_app_name,chg_lst_dt,chg_lst_user_id,chg_lst_app_name) VALUES('hud outcome code','15','Currently receiving foreclosure prevention/budget counseling','',15,'Y',getdate(),'Installation','SQL Studio',getdate(),'Installation','SQL Studio');
INSERT INTO ref_code_item(ref_code_set_name,code,code_desc,code_comment,sort_order,active_ind,create_dt,create_user_id,create_app_name,chg_lst_dt,chg_lst_user_id,chg_lst_app_name) VALUES('hud outcome code','16','Withdrew from counseling','',16,'Y',getdate(),'Installation','SQL Studio',getdate(),'Installation','SQL Studio');
INSERT INTO ref_code_item(ref_code_set_name,code,code_desc,code_comment,sort_order,active_ind,create_dt,create_user_id,create_app_name,chg_lst_dt,chg_lst_user_id,chg_lst_app_name) VALUES('hud outcome code','17','Other','',17,'Y',getdate(),'Installation','SQL Studio',getdate(),'Installation','SQL Studio');
INSERT INTO ref_code_item(ref_code_set_name,code,code_desc,code_comment,sort_order,active_ind,create_dt,create_user_id,create_app_name,chg_lst_dt,chg_lst_user_id,chg_lst_app_name) VALUES('hud outcome code','2','Mortgage refinanced','',2,'Y',getdate(),'Installation','SQL Studio',getdate(),'Installation','SQL Studio');
INSERT INTO ref_code_item(ref_code_set_name,code,code_desc,code_comment,sort_order,active_ind,create_dt,create_user_id,create_app_name,chg_lst_dt,chg_lst_user_id,chg_lst_app_name) VALUES('hud outcome code','3','Mortgage modified','',3,'Y',getdate(),'Installation','SQL Studio',getdate(),'Installation','SQL Studio');
INSERT INTO ref_code_item(ref_code_set_name,code,code_desc,code_comment,sort_order,active_ind,create_dt,create_user_id,create_app_name,chg_lst_dt,chg_lst_user_id,chg_lst_app_name) VALUES('hud outcome code','4','Received second mortgage','',4,'Y',getdate(),'Installation','SQL Studio',getdate(),'Installation','SQL Studio');
INSERT INTO ref_code_item(ref_code_set_name,code,code_desc,code_comment,sort_order,active_ind,create_dt,create_user_id,create_app_name,chg_lst_dt,chg_lst_user_id,chg_lst_app_name) VALUES('hud outcome code','5','Initiated forbearance agreement/repayment plan','',5,'Y',getdate(),'Installation','SQL Studio',getdate(),'Installation','SQL Studio');
INSERT INTO ref_code_item(ref_code_set_name,code,code_desc,code_comment,sort_order,active_ind,create_dt,create_user_id,create_app_name,chg_lst_dt,chg_lst_user_id,chg_lst_app_name) VALUES('hud outcome code','6','Executed a deed-in-lieu','',6,'Y',getdate(),'Installation','SQL Studio',getdate(),'Installation','SQL Studio');
INSERT INTO ref_code_item(ref_code_set_name,code,code_desc,code_comment,sort_order,active_ind,create_dt,create_user_id,create_app_name,chg_lst_dt,chg_lst_user_id,chg_lst_app_name) VALUES('hud outcome code','7','Sold property/chose alternative housing solution','',7,'Y',getdate(),'Installation','SQL Studio',getdate(),'Installation','SQL Studio');
INSERT INTO ref_code_item(ref_code_set_name,code,code_desc,code_comment,sort_order,active_ind,create_dt,create_user_id,create_app_name,chg_lst_dt,chg_lst_user_id,chg_lst_app_name) VALUES('hud outcome code','8','Pre-foreclosure sale','',8,'Y',getdate(),'Installation','SQL Studio',getdate(),'Installation','SQL Studio');
INSERT INTO ref_code_item(ref_code_set_name,code,code_desc,code_comment,sort_order,active_ind,create_dt,create_user_id,create_app_name,chg_lst_dt,chg_lst_user_id,chg_lst_app_name) VALUES('hud outcome code','9','Mortgage foreclosed','',9,'Y',getdate(),'Installation','SQL Studio',getdate(),'Installation','SQL Studio');
INSERT INTO ref_code_item(ref_code_set_name,code,code_desc,code_comment,sort_order,active_ind,create_dt,create_user_id,create_app_name,chg_lst_dt,chg_lst_user_id,chg_lst_app_name) VALUES('hud termination reason code','1','Clients needs have been met/situation resolved','',1,'Y',getdate(),'Installation','SQL Studio',getdate(),'Installation','SQL Studio');
INSERT INTO ref_code_item(ref_code_set_name,code,code_desc,code_comment,sort_order,active_ind,create_dt,create_user_id,create_app_name,chg_lst_dt,chg_lst_user_id,chg_lst_app_name) VALUES('hud termination reason code','2','Agency determines addtl counseling would not resolve situation','',2,'Y',getdate(),'Installation','SQL Studio',getdate(),'Installation','SQL Studio');
INSERT INTO ref_code_item(ref_code_set_name,code,code_desc,code_comment,sort_order,active_ind,create_dt,create_user_id,create_app_name,chg_lst_dt,chg_lst_user_id,chg_lst_app_name) VALUES('hud termination reason code','3','Unable to contact client','',3,'Y',getdate(),'Installation','SQL Studio',getdate(),'Installation','SQL Studio');
INSERT INTO ref_code_item(ref_code_set_name,code,code_desc,code_comment,sort_order,active_ind,create_dt,create_user_id,create_app_name,chg_lst_dt,chg_lst_user_id,chg_lst_app_name) VALUES('hud termination reason code','4','Client has not followed agreed upon action plan','',4,'Y',getdate(),'Installation','SQL Studio',getdate(),'Installation','SQL Studio');
INSERT INTO ref_code_item(ref_code_set_name,code,code_desc,code_comment,sort_order,active_ind,create_dt,create_user_id,create_app_name,chg_lst_dt,chg_lst_user_id,chg_lst_app_name) VALUES('hud termination reason code','5','Client terminated counseling','',5,'Y',getdate(),'Installation','SQL Studio',getdate(),'Installation','SQL Studio');
INSERT INTO ref_code_item(ref_code_set_name,code,code_desc,code_comment,sort_order,active_ind,create_dt,create_user_id,create_app_name,chg_lst_dt,chg_lst_user_id,chg_lst_app_name) VALUES('hud termination reason code','6','Client failed to attend counseling appointment','',6,'Y',getdate(),'Installation','SQL Studio',getdate(),'Installation','SQL Studio');

INSERT INTO ref_code_item(ref_code_set_name,code,code_desc,code_comment,sort_order,active_ind,create_dt,create_user_id,create_app_name,chg_lst_dt,chg_lst_user_id,chg_lst_app_name) VALUES('income earners code','0','0','',1,'Y',getdate(),'Installation','SQL Studio',getdate(),'Installation','SQL Studio');
INSERT INTO ref_code_item(ref_code_set_name,code,code_desc,code_comment,sort_order,active_ind,create_dt,create_user_id,create_app_name,chg_lst_dt,chg_lst_user_id,chg_lst_app_name) VALUES('income earners code','1','1','',2,'Y',getdate(),'Installation','SQL Studio',getdate(),'Installation','SQL Studio');
INSERT INTO ref_code_item(ref_code_set_name,code,code_desc,code_comment,sort_order,active_ind,create_dt,create_user_id,create_app_name,chg_lst_dt,chg_lst_user_id,chg_lst_app_name) VALUES('income earners code','2','2','',3,'Y',getdate(),'Installation','SQL Studio',getdate(),'Installation','SQL Studio');
INSERT INTO ref_code_item(ref_code_set_name,code,code_desc,code_comment,sort_order,active_ind,create_dt,create_user_id,create_app_name,chg_lst_dt,chg_lst_user_id,chg_lst_app_name) VALUES('income earners code','3','3','',4,'Y',getdate(),'Installation','SQL Studio',getdate(),'Installation','SQL Studio');
INSERT INTO ref_code_item(ref_code_set_name,code,code_desc,code_comment,sort_order,active_ind,create_dt,create_user_id,create_app_name,chg_lst_dt,chg_lst_user_id,chg_lst_app_name) VALUES('income earners code','4','4','',5,'Y',getdate(),'Installation','SQL Studio',getdate(),'Installation','SQL Studio');
INSERT INTO ref_code_item(ref_code_set_name,code,code_desc,code_comment,sort_order,active_ind,create_dt,create_user_id,create_app_name,chg_lst_dt,chg_lst_user_id,chg_lst_app_name) VALUES('income earners code','5','5','',6,'Y',getdate(),'Installation','SQL Studio',getdate(),'Installation','SQL Studio');
INSERT INTO ref_code_item(ref_code_set_name,code,code_desc,code_comment,sort_order,active_ind,create_dt,create_user_id,create_app_name,chg_lst_dt,chg_lst_user_id,chg_lst_app_name) VALUES('income earners code','6+','6+','',7,'Y',getdate(),'Installation','SQL Studio',getdate(),'Installation','SQL Studio');
INSERT INTO ref_code_item(ref_code_set_name,code,code_desc,code_comment,sort_order,active_ind,create_dt,create_user_id,create_app_name,chg_lst_dt,chg_lst_user_id,chg_lst_app_name) VALUES('income earners code','UNK','Unknown','',8,'Y',getdate(),'Installation','SQL Studio',getdate(),'Installation','SQL Studio');

INSERT INTO ref_code_item(ref_code_set_name,code,code_desc,code_comment,sort_order,active_ind,create_dt,create_user_id,create_app_name,chg_lst_dt,chg_lst_user_id,chg_lst_app_name) VALUES('loan 1st 2nd','1ST','1st Mortgage','',1,'Y',getdate(),'Installation','SQL Studio',getdate(),'Installation','SQL Studio');
INSERT INTO ref_code_item(ref_code_set_name,code,code_desc,code_comment,sort_order,active_ind,create_dt,create_user_id,create_app_name,chg_lst_dt,chg_lst_user_id,chg_lst_app_name) VALUES('loan 1st 2nd','2ND','2nd Mortgage','',2,'Y',getdate(),'Installation','SQL Studio',getdate(),'Installation','SQL Studio');

INSERT INTO ref_code_item(ref_code_set_name,code,code_desc,code_comment,sort_order,active_ind,create_dt,create_user_id,create_app_name,chg_lst_dt,chg_lst_user_id,chg_lst_app_name) VALUES('loan delinquency status code','CUR','Current','',1,'Y',getdate(),'Installation','SQL Studio',getdate(),'Installation','SQL Studio');
INSERT INTO ref_code_item(ref_code_set_name,code,code_desc,code_comment,sort_order,active_ind,create_dt,create_user_id,create_app_name,chg_lst_dt,chg_lst_user_id,chg_lst_app_name) VALUES('loan delinquency status code','<30','<30 days','',2,'Y',getdate(),'Installation','SQL Studio',getdate(),'Installation','SQL Studio');
INSERT INTO ref_code_item(ref_code_set_name,code,code_desc,code_comment,sort_order,active_ind,create_dt,create_user_id,create_app_name,chg_lst_dt,chg_lst_user_id,chg_lst_app_name) VALUES('loan delinquency status code','30-59','30 - 59 days','',3,'Y',getdate(),'Installation','SQL Studio',getdate(),'Installation','SQL Studio');
INSERT INTO ref_code_item(ref_code_set_name,code,code_desc,code_comment,sort_order,active_ind,create_dt,create_user_id,create_app_name,chg_lst_dt,chg_lst_user_id,chg_lst_app_name) VALUES('loan delinquency status code','60-89','60 - 89 days','',4,'Y',getdate(),'Installation','SQL Studio',getdate(),'Installation','SQL Studio');
INSERT INTO ref_code_item(ref_code_set_name,code,code_desc,code_comment,sort_order,active_ind,create_dt,create_user_id,create_app_name,chg_lst_dt,chg_lst_user_id,chg_lst_app_name) VALUES('loan delinquency status code','90-119','90 - 119 days','',5,'Y',getdate(),'Installation','SQL Studio',getdate(),'Installation','SQL Studio');
INSERT INTO ref_code_item(ref_code_set_name,code,code_desc,code_comment,sort_order,active_ind,create_dt,create_user_id,create_app_name,chg_lst_dt,chg_lst_user_id,chg_lst_app_name) VALUES('loan delinquency status code','120+','120+ days','',6,'Y',getdate(),'Installation','SQL Studio',getdate(),'Installation','SQL Studio');
INSERT INTO ref_code_item(ref_code_set_name,code,code_desc,code_comment,sort_order,active_ind,create_dt,create_user_id,create_app_name,chg_lst_dt,chg_lst_user_id,chg_lst_app_name) VALUES('loan delinquency status code','Unknown','Unknown','',7,'Y',getdate(),'Installation','SQL Studio',getdate(),'Installation','SQL Studio');
INSERT INTO ref_code_item(ref_code_set_name,code,code_desc,code_comment,sort_order,active_ind,create_dt,create_user_id,create_app_name,chg_lst_dt,chg_lst_user_id,chg_lst_app_name) VALUES('military service code','ACTV','Active','Current',3,'Y',getdate(),'Installation','SQL Studio',getdate(),'Installation','SQL Studio');
INSERT INTO ref_code_item(ref_code_set_name,code,code_desc,code_comment,sort_order,active_ind,create_dt,create_user_id,create_app_name,chg_lst_dt,chg_lst_user_id,chg_lst_app_name) VALUES('military service code','VET','Veteran','Veteran',1,'Y',getdate(),'Installation','SQL Studio',getdate(),'Installation','SQL Studio');

INSERT INTO ref_code_item(ref_code_set_name,code,code_desc,code_comment,sort_order,active_ind,create_dt,create_user_id,create_app_name,chg_lst_dt,chg_lst_user_id,chg_lst_app_name) VALUES('mortgage type code','ARM','Adjustable Rate Mortgage','',1,'Y',getdate(),'Installation','SQL Studio',getdate(),'Installation','SQL Studio');
INSERT INTO ref_code_item(ref_code_set_name,code,code_desc,code_comment,sort_order,active_ind,create_dt,create_user_id,create_app_name,chg_lst_dt,chg_lst_user_id,chg_lst_app_name) VALUES('mortgage type code','FIXED','Fixed Rate Mortgage','',2,'Y',getdate(),'Installation','SQL Studio',getdate(),'Installation','SQL Studio');
INSERT INTO ref_code_item(ref_code_set_name,code,code_desc,code_comment,sort_order,active_ind,create_dt,create_user_id,create_app_name,chg_lst_dt,chg_lst_user_id,chg_lst_app_name) VALUES('mortgage type code','POA','Payment Option ARM','',3,'Y',getdate(),'Installation','SQL Studio',getdate(),'Installation','SQL Studio');
INSERT INTO ref_code_item(ref_code_set_name,code,code_desc,code_comment,sort_order,active_ind,create_dt,create_user_id,create_app_name,chg_lst_dt,chg_lst_user_id,chg_lst_app_name) VALUES('mortgage type code','INTONLY','Interest Only','',4,'Y',getdate(),'Installation','SQL Studio',getdate(),'Installation','SQL Studio');
INSERT INTO ref_code_item(ref_code_set_name,code,code_desc,code_comment,sort_order,active_ind,create_dt,create_user_id,create_app_name,chg_lst_dt,chg_lst_user_id,chg_lst_app_name) VALUES('mortgage type code','HYBARM','Hybrid Arm','',5,'Y',getdate(),'Installation','SQL Studio',getdate(),'Installation','SQL Studio');
INSERT INTO ref_code_item(ref_code_set_name,code,code_desc,code_comment,sort_order,active_ind,create_dt,create_user_id,create_app_name,chg_lst_dt,chg_lst_user_id,chg_lst_app_name) VALUES('mortgage type code','UNK','Homeowner does not know','',6,'Y',getdate(),'Installation','SQL Studio',getdate(),'Installation','SQL Studio');

INSERT INTO ref_code_item(ref_code_set_name,code,code_desc,code_comment,sort_order,active_ind,create_dt,create_user_id,create_app_name,chg_lst_dt,chg_lst_user_id,chg_lst_app_name) VALUES('race code','1','American Indian/Alaskan Native','',1,'Y',getdate(),'Installation','SQL Studio',getdate(),'Installation','SQL Studio');
INSERT INTO ref_code_item(ref_code_set_name,code,code_desc,code_comment,sort_order,active_ind,create_dt,create_user_id,create_app_name,chg_lst_dt,chg_lst_user_id,chg_lst_app_name) VALUES('race code','2','Asian','',2,'Y',getdate(),'Installation','SQL Studio',getdate(),'Installation','SQL Studio');
INSERT INTO ref_code_item(ref_code_set_name,code,code_desc,code_comment,sort_order,active_ind,create_dt,create_user_id,create_app_name,chg_lst_dt,chg_lst_user_id,chg_lst_app_name) VALUES('race code','3','Black of African American','',3,'Y',getdate(),'Installation','SQL Studio',getdate(),'Installation','SQL Studio');
INSERT INTO ref_code_item(ref_code_set_name,code,code_desc,code_comment,sort_order,active_ind,create_dt,create_user_id,create_app_name,chg_lst_dt,chg_lst_user_id,chg_lst_app_name) VALUES('race code','4','Native Hawaiian/Other Pacific Islander','',4,'Y',getdate(),'Installation','SQL Studio',getdate(),'Installation','SQL Studio');
INSERT INTO ref_code_item(ref_code_set_name,code,code_desc,code_comment,sort_order,active_ind,create_dt,create_user_id,create_app_name,chg_lst_dt,chg_lst_user_id,chg_lst_app_name) VALUES('race code','5','White','',5,'Y',getdate(),'Installation','SQL Studio',getdate(),'Installation','SQL Studio');
INSERT INTO ref_code_item(ref_code_set_name,code,code_desc,code_comment,sort_order,active_ind,create_dt,create_user_id,create_app_name,chg_lst_dt,chg_lst_user_id,chg_lst_app_name) VALUES('race code','6','Amer. Ind. or AK Native and White','',6,'Y',getdate(),'Installation','SQL Studio',getdate(),'Installation','SQL Studio');
INSERT INTO ref_code_item(ref_code_set_name,code,code_desc,code_comment,sort_order,active_ind,create_dt,create_user_id,create_app_name,chg_lst_dt,chg_lst_user_id,chg_lst_app_name) VALUES('race code','7','Asian and White','',7,'Y',getdate(),'Installation','SQL Studio',getdate(),'Installation','SQL Studio');
INSERT INTO ref_code_item(ref_code_set_name,code,code_desc,code_comment,sort_order,active_ind,create_dt,create_user_id,create_app_name,chg_lst_dt,chg_lst_user_id,chg_lst_app_name) VALUES('race code','8','Black or African American and White','',8,'Y',getdate(),'Installation','SQL Studio',getdate(),'Installation','SQL Studio');
INSERT INTO ref_code_item(ref_code_set_name,code,code_desc,code_comment,sort_order,active_ind,create_dt,create_user_id,create_app_name,chg_lst_dt,chg_lst_user_id,chg_lst_app_name) VALUES('race code','9','Amer. Ind. or AK Native and Afr. Amer.','',9,'Y',getdate(),'Installation','SQL Studio',getdate(),'Installation','SQL Studio');
INSERT INTO ref_code_item(ref_code_set_name,code,code_desc,code_comment,sort_order,active_ind,create_dt,create_user_id,create_app_name,chg_lst_dt,chg_lst_user_id,chg_lst_app_name) VALUES('race code','10','Other multiple race','',10,'Y',getdate(),'Installation','SQL Studio',getdate(),'Installation','SQL Studio');
INSERT INTO ref_code_item(ref_code_set_name,code,code_desc,code_comment,sort_order,active_ind,create_dt,create_user_id,create_app_name,chg_lst_dt,chg_lst_user_id,chg_lst_app_name) VALUES('race code','11','Chose not to respond','',11,'Y',getdate(),'Installation','SQL Studio',getdate(),'Installation','SQL Studio');

INSERT INTO ref_code_item(ref_code_set_name,code,code_desc,code_comment,sort_order,active_ind,create_dt,create_user_id,create_app_name,chg_lst_dt,chg_lst_user_id,chg_lst_app_name) VALUES('state','AL','Alabama','',1,'Y',getdate(),'Installation','SQL Studio',getdate(),'Installation','SQL Studio');
INSERT INTO ref_code_item(ref_code_set_name,code,code_desc,code_comment,sort_order,active_ind,create_dt,create_user_id,create_app_name,chg_lst_dt,chg_lst_user_id,chg_lst_app_name) VALUES('state','AK','Alaska','',2,'Y',getdate(),'Installation','SQL Studio',getdate(),'Installation','SQL Studio');
INSERT INTO ref_code_item(ref_code_set_name,code,code_desc,code_comment,sort_order,active_ind,create_dt,create_user_id,create_app_name,chg_lst_dt,chg_lst_user_id,chg_lst_app_name) VALUES('state','AZ','Arizona','',3,'Y',getdate(),'Installation','SQL Studio',getdate(),'Installation','SQL Studio');
INSERT INTO ref_code_item(ref_code_set_name,code,code_desc,code_comment,sort_order,active_ind,create_dt,create_user_id,create_app_name,chg_lst_dt,chg_lst_user_id,chg_lst_app_name) VALUES('state','AR','Arkansas','',4,'Y',getdate(),'Installation','SQL Studio',getdate(),'Installation','SQL Studio');
INSERT INTO ref_code_item(ref_code_set_name,code,code_desc,code_comment,sort_order,active_ind,create_dt,create_user_id,create_app_name,chg_lst_dt,chg_lst_user_id,chg_lst_app_name) VALUES('state','CA','California','',5,'Y',getdate(),'Installation','SQL Studio',getdate(),'Installation','SQL Studio');
INSERT INTO ref_code_item(ref_code_set_name,code,code_desc,code_comment,sort_order,active_ind,create_dt,create_user_id,create_app_name,chg_lst_dt,chg_lst_user_id,chg_lst_app_name) VALUES('state','CO','Colorado','',6,'Y',getdate(),'Installation','SQL Studio',getdate(),'Installation','SQL Studio');
INSERT INTO ref_code_item(ref_code_set_name,code,code_desc,code_comment,sort_order,active_ind,create_dt,create_user_id,create_app_name,chg_lst_dt,chg_lst_user_id,chg_lst_app_name) VALUES('state','CT','Connecticut','',7,'Y',getdate(),'Installation','SQL Studio',getdate(),'Installation','SQL Studio');
INSERT INTO ref_code_item(ref_code_set_name,code,code_desc,code_comment,sort_order,active_ind,create_dt,create_user_id,create_app_name,chg_lst_dt,chg_lst_user_id,chg_lst_app_name) VALUES('state','DE','Delaware','',8,'Y',getdate(),'Installation','SQL Studio',getdate(),'Installation','SQL Studio');
INSERT INTO ref_code_item(ref_code_set_name,code,code_desc,code_comment,sort_order,active_ind,create_dt,create_user_id,create_app_name,chg_lst_dt,chg_lst_user_id,chg_lst_app_name) VALUES('state','DC','District of Columbia','',9,'Y',getdate(),'Installation','SQL Studio',getdate(),'Installation','SQL Studio');
INSERT INTO ref_code_item(ref_code_set_name,code,code_desc,code_comment,sort_order,active_ind,create_dt,create_user_id,create_app_name,chg_lst_dt,chg_lst_user_id,chg_lst_app_name) VALUES('state','FL','Florida','',10,'Y',getdate(),'Installation','SQL Studio',getdate(),'Installation','SQL Studio');
INSERT INTO ref_code_item(ref_code_set_name,code,code_desc,code_comment,sort_order,active_ind,create_dt,create_user_id,create_app_name,chg_lst_dt,chg_lst_user_id,chg_lst_app_name) VALUES('state','GA','Georgia','',11,'Y',getdate(),'Installation','SQL Studio',getdate(),'Installation','SQL Studio');
INSERT INTO ref_code_item(ref_code_set_name,code,code_desc,code_comment,sort_order,active_ind,create_dt,create_user_id,create_app_name,chg_lst_dt,chg_lst_user_id,chg_lst_app_name) VALUES('state','HI','Hawaii','',12,'Y',getdate(),'Installation','SQL Studio',getdate(),'Installation','SQL Studio');
INSERT INTO ref_code_item(ref_code_set_name,code,code_desc,code_comment,sort_order,active_ind,create_dt,create_user_id,create_app_name,chg_lst_dt,chg_lst_user_id,chg_lst_app_name) VALUES('state','ID','Idaho','',13,'Y',getdate(),'Installation','SQL Studio',getdate(),'Installation','SQL Studio');
INSERT INTO ref_code_item(ref_code_set_name,code,code_desc,code_comment,sort_order,active_ind,create_dt,create_user_id,create_app_name,chg_lst_dt,chg_lst_user_id,chg_lst_app_name) VALUES('state','IL','Illinois','',14,'Y',getdate(),'Installation','SQL Studio',getdate(),'Installation','SQL Studio');
INSERT INTO ref_code_item(ref_code_set_name,code,code_desc,code_comment,sort_order,active_ind,create_dt,create_user_id,create_app_name,chg_lst_dt,chg_lst_user_id,chg_lst_app_name) VALUES('state','IN','Indiana','',15,'Y',getdate(),'Installation','SQL Studio',getdate(),'Installation','SQL Studio');
INSERT INTO ref_code_item(ref_code_set_name,code,code_desc,code_comment,sort_order,active_ind,create_dt,create_user_id,create_app_name,chg_lst_dt,chg_lst_user_id,chg_lst_app_name) VALUES('state','IA','Iowa','',16,'Y',getdate(),'Installation','SQL Studio',getdate(),'Installation','SQL Studio');
INSERT INTO ref_code_item(ref_code_set_name,code,code_desc,code_comment,sort_order,active_ind,create_dt,create_user_id,create_app_name,chg_lst_dt,chg_lst_user_id,chg_lst_app_name) VALUES('state','KS','Kansas','',17,'Y',getdate(),'Installation','SQL Studio',getdate(),'Installation','SQL Studio');
INSERT INTO ref_code_item(ref_code_set_name,code,code_desc,code_comment,sort_order,active_ind,create_dt,create_user_id,create_app_name,chg_lst_dt,chg_lst_user_id,chg_lst_app_name) VALUES('state','KY','Kentucky','',18,'Y',getdate(),'Installation','SQL Studio',getdate(),'Installation','SQL Studio');
INSERT INTO ref_code_item(ref_code_set_name,code,code_desc,code_comment,sort_order,active_ind,create_dt,create_user_id,create_app_name,chg_lst_dt,chg_lst_user_id,chg_lst_app_name) VALUES('state','LA','Louisiana','',19,'Y',getdate(),'Installation','SQL Studio',getdate(),'Installation','SQL Studio');
INSERT INTO ref_code_item(ref_code_set_name,code,code_desc,code_comment,sort_order,active_ind,create_dt,create_user_id,create_app_name,chg_lst_dt,chg_lst_user_id,chg_lst_app_name) VALUES('state','ME','Maine','',20,'Y',getdate(),'Installation','SQL Studio',getdate(),'Installation','SQL Studio');
INSERT INTO ref_code_item(ref_code_set_name,code,code_desc,code_comment,sort_order,active_ind,create_dt,create_user_id,create_app_name,chg_lst_dt,chg_lst_user_id,chg_lst_app_name) VALUES('state','MD','Maryland','',21,'Y',getdate(),'Installation','SQL Studio',getdate(),'Installation','SQL Studio');
INSERT INTO ref_code_item(ref_code_set_name,code,code_desc,code_comment,sort_order,active_ind,create_dt,create_user_id,create_app_name,chg_lst_dt,chg_lst_user_id,chg_lst_app_name) VALUES('state','MA','Massachusetts','',22,'Y',getdate(),'Installation','SQL Studio',getdate(),'Installation','SQL Studio');
INSERT INTO ref_code_item(ref_code_set_name,code,code_desc,code_comment,sort_order,active_ind,create_dt,create_user_id,create_app_name,chg_lst_dt,chg_lst_user_id,chg_lst_app_name) VALUES('state','MI','Michigan','',23,'Y',getdate(),'Installation','SQL Studio',getdate(),'Installation','SQL Studio');
INSERT INTO ref_code_item(ref_code_set_name,code,code_desc,code_comment,sort_order,active_ind,create_dt,create_user_id,create_app_name,chg_lst_dt,chg_lst_user_id,chg_lst_app_name) VALUES('state','MN','Minnesota','',24,'Y',getdate(),'Installation','SQL Studio',getdate(),'Installation','SQL Studio');
INSERT INTO ref_code_item(ref_code_set_name,code,code_desc,code_comment,sort_order,active_ind,create_dt,create_user_id,create_app_name,chg_lst_dt,chg_lst_user_id,chg_lst_app_name) VALUES('state','MS','Mississippi','',25,'Y',getdate(),'Installation','SQL Studio',getdate(),'Installation','SQL Studio');
INSERT INTO ref_code_item(ref_code_set_name,code,code_desc,code_comment,sort_order,active_ind,create_dt,create_user_id,create_app_name,chg_lst_dt,chg_lst_user_id,chg_lst_app_name) VALUES('state','MO','Missouri','',26,'Y',getdate(),'Installation','SQL Studio',getdate(),'Installation','SQL Studio');
INSERT INTO ref_code_item(ref_code_set_name,code,code_desc,code_comment,sort_order,active_ind,create_dt,create_user_id,create_app_name,chg_lst_dt,chg_lst_user_id,chg_lst_app_name) VALUES('state','MT','Montana','',27,'Y',getdate(),'Installation','SQL Studio',getdate(),'Installation','SQL Studio');
INSERT INTO ref_code_item(ref_code_set_name,code,code_desc,code_comment,sort_order,active_ind,create_dt,create_user_id,create_app_name,chg_lst_dt,chg_lst_user_id,chg_lst_app_name) VALUES('state','NE','Nebraska','',28,'Y',getdate(),'Installation','SQL Studio',getdate(),'Installation','SQL Studio');
INSERT INTO ref_code_item(ref_code_set_name,code,code_desc,code_comment,sort_order,active_ind,create_dt,create_user_id,create_app_name,chg_lst_dt,chg_lst_user_id,chg_lst_app_name) VALUES('state','NV','Nevada','',29,'Y',getdate(),'Installation','SQL Studio',getdate(),'Installation','SQL Studio');
INSERT INTO ref_code_item(ref_code_set_name,code,code_desc,code_comment,sort_order,active_ind,create_dt,create_user_id,create_app_name,chg_lst_dt,chg_lst_user_id,chg_lst_app_name) VALUES('state','NH','New Hampshire','',30,'Y',getdate(),'Installation','SQL Studio',getdate(),'Installation','SQL Studio');
INSERT INTO ref_code_item(ref_code_set_name,code,code_desc,code_comment,sort_order,active_ind,create_dt,create_user_id,create_app_name,chg_lst_dt,chg_lst_user_id,chg_lst_app_name) VALUES('state','NJ','New Jersey','',31,'Y',getdate(),'Installation','SQL Studio',getdate(),'Installation','SQL Studio');
INSERT INTO ref_code_item(ref_code_set_name,code,code_desc,code_comment,sort_order,active_ind,create_dt,create_user_id,create_app_name,chg_lst_dt,chg_lst_user_id,chg_lst_app_name) VALUES('state','NM','New Mexico','',32,'Y',getdate(),'Installation','SQL Studio',getdate(),'Installation','SQL Studio');
INSERT INTO ref_code_item(ref_code_set_name,code,code_desc,code_comment,sort_order,active_ind,create_dt,create_user_id,create_app_name,chg_lst_dt,chg_lst_user_id,chg_lst_app_name) VALUES('state','NY','New York','',33,'Y',getdate(),'Installation','SQL Studio',getdate(),'Installation','SQL Studio');
INSERT INTO ref_code_item(ref_code_set_name,code,code_desc,code_comment,sort_order,active_ind,create_dt,create_user_id,create_app_name,chg_lst_dt,chg_lst_user_id,chg_lst_app_name) VALUES('state','NC','North Carolina','',34,'Y',getdate(),'Installation','SQL Studio',getdate(),'Installation','SQL Studio');
INSERT INTO ref_code_item(ref_code_set_name,code,code_desc,code_comment,sort_order,active_ind,create_dt,create_user_id,create_app_name,chg_lst_dt,chg_lst_user_id,chg_lst_app_name) VALUES('state','ND','North Dakota','',35,'Y',getdate(),'Installation','SQL Studio',getdate(),'Installation','SQL Studio');
INSERT INTO ref_code_item(ref_code_set_name,code,code_desc,code_comment,sort_order,active_ind,create_dt,create_user_id,create_app_name,chg_lst_dt,chg_lst_user_id,chg_lst_app_name) VALUES('state','OH','Ohio','',36,'Y',getdate(),'Installation','SQL Studio',getdate(),'Installation','SQL Studio');
INSERT INTO ref_code_item(ref_code_set_name,code,code_desc,code_comment,sort_order,active_ind,create_dt,create_user_id,create_app_name,chg_lst_dt,chg_lst_user_id,chg_lst_app_name) VALUES('state','OK','Oklahoma','',37,'Y',getdate(),'Installation','SQL Studio',getdate(),'Installation','SQL Studio');
INSERT INTO ref_code_item(ref_code_set_name,code,code_desc,code_comment,sort_order,active_ind,create_dt,create_user_id,create_app_name,chg_lst_dt,chg_lst_user_id,chg_lst_app_name) VALUES('state','OR','Oregon','',38,'Y',getdate(),'Installation','SQL Studio',getdate(),'Installation','SQL Studio');
INSERT INTO ref_code_item(ref_code_set_name,code,code_desc,code_comment,sort_order,active_ind,create_dt,create_user_id,create_app_name,chg_lst_dt,chg_lst_user_id,chg_lst_app_name) VALUES('state','PA','Pennsylvania','',39,'Y',getdate(),'Installation','SQL Studio',getdate(),'Installation','SQL Studio');
INSERT INTO ref_code_item(ref_code_set_name,code,code_desc,code_comment,sort_order,active_ind,create_dt,create_user_id,create_app_name,chg_lst_dt,chg_lst_user_id,chg_lst_app_name) VALUES('state','RI','Rhode Island','',40,'Y',getdate(),'Installation','SQL Studio',getdate(),'Installation','SQL Studio');
INSERT INTO ref_code_item(ref_code_set_name,code,code_desc,code_comment,sort_order,active_ind,create_dt,create_user_id,create_app_name,chg_lst_dt,chg_lst_user_id,chg_lst_app_name) VALUES('state','SC','South Carolina','',41,'Y',getdate(),'Installation','SQL Studio',getdate(),'Installation','SQL Studio');
INSERT INTO ref_code_item(ref_code_set_name,code,code_desc,code_comment,sort_order,active_ind,create_dt,create_user_id,create_app_name,chg_lst_dt,chg_lst_user_id,chg_lst_app_name) VALUES('state','SD','South Dakota','',42,'Y',getdate(),'Installation','SQL Studio',getdate(),'Installation','SQL Studio');
INSERT INTO ref_code_item(ref_code_set_name,code,code_desc,code_comment,sort_order,active_ind,create_dt,create_user_id,create_app_name,chg_lst_dt,chg_lst_user_id,chg_lst_app_name) VALUES('state','TN','Tennessee','',43,'Y',getdate(),'Installation','SQL Studio',getdate(),'Installation','SQL Studio');
INSERT INTO ref_code_item(ref_code_set_name,code,code_desc,code_comment,sort_order,active_ind,create_dt,create_user_id,create_app_name,chg_lst_dt,chg_lst_user_id,chg_lst_app_name) VALUES('state','TX','Texas','',44,'Y',getdate(),'Installation','SQL Studio',getdate(),'Installation','SQL Studio');
INSERT INTO ref_code_item(ref_code_set_name,code,code_desc,code_comment,sort_order,active_ind,create_dt,create_user_id,create_app_name,chg_lst_dt,chg_lst_user_id,chg_lst_app_name) VALUES('state','UT','Utah','',45,'Y',getdate(),'Installation','SQL Studio',getdate(),'Installation','SQL Studio');
INSERT INTO ref_code_item(ref_code_set_name,code,code_desc,code_comment,sort_order,active_ind,create_dt,create_user_id,create_app_name,chg_lst_dt,chg_lst_user_id,chg_lst_app_name) VALUES('state','VT','Vermont','',46,'Y',getdate(),'Installation','SQL Studio',getdate(),'Installation','SQL Studio');
INSERT INTO ref_code_item(ref_code_set_name,code,code_desc,code_comment,sort_order,active_ind,create_dt,create_user_id,create_app_name,chg_lst_dt,chg_lst_user_id,chg_lst_app_name) VALUES('state','VA','Virginia','',47,'Y',getdate(),'Installation','SQL Studio',getdate(),'Installation','SQL Studio');
INSERT INTO ref_code_item(ref_code_set_name,code,code_desc,code_comment,sort_order,active_ind,create_dt,create_user_id,create_app_name,chg_lst_dt,chg_lst_user_id,chg_lst_app_name) VALUES('state','WA','Washington','',48,'Y',getdate(),'Installation','SQL Studio',getdate(),'Installation','SQL Studio');
INSERT INTO ref_code_item(ref_code_set_name,code,code_desc,code_comment,sort_order,active_ind,create_dt,create_user_id,create_app_name,chg_lst_dt,chg_lst_user_id,chg_lst_app_name) VALUES('state','WV','West Virginia','',49,'Y',getdate(),'Installation','SQL Studio',getdate(),'Installation','SQL Studio');
INSERT INTO ref_code_item(ref_code_set_name,code,code_desc,code_comment,sort_order,active_ind,create_dt,create_user_id,create_app_name,chg_lst_dt,chg_lst_user_id,chg_lst_app_name) VALUES('state','WI','Wisconsin','',50,'Y',getdate(),'Installation','SQL Studio',getdate(),'Installation','SQL Studio');
INSERT INTO ref_code_item(ref_code_set_name,code,code_desc,code_comment,sort_order,active_ind,create_dt,create_user_id,create_app_name,chg_lst_dt,chg_lst_user_id,chg_lst_app_name) VALUES('state','WY','Wyoming','',51,'Y',getdate(),'Installation','SQL Studio',getdate(),'Installation','SQL Studio');
INSERT INTO ref_code_item(ref_code_set_name,code,code_desc,code_comment,sort_order,active_ind,create_dt,create_user_id,create_app_name,chg_lst_dt,chg_lst_user_id,chg_lst_app_name) VALUES('state','AS','American Samoa','',52,'Y',getdate(),'Installation','SQL Studio',getdate(),'Installation','SQL Studio');
INSERT INTO ref_code_item(ref_code_set_name,code,code_desc,code_comment,sort_order,active_ind,create_dt,create_user_id,create_app_name,chg_lst_dt,chg_lst_user_id,chg_lst_app_name) VALUES('state','GU','Guam','',53,'Y',getdate(),'Installation','SQL Studio',getdate(),'Installation','SQL Studio');
INSERT INTO ref_code_item(ref_code_set_name,code,code_desc,code_comment,sort_order,active_ind,create_dt,create_user_id,create_app_name,chg_lst_dt,chg_lst_user_id,chg_lst_app_name) VALUES('state','MP','Northern Mariana Islands','',54,'Y',getdate(),'Installation','SQL Studio',getdate(),'Installation','SQL Studio');
INSERT INTO ref_code_item(ref_code_set_name,code,code_desc,code_comment,sort_order,active_ind,create_dt,create_user_id,create_app_name,chg_lst_dt,chg_lst_user_id,chg_lst_app_name) VALUES('state','PR','Puerto Rico','',55,'Y',getdate(),'Installation','SQL Studio',getdate(),'Installation','SQL Studio');
INSERT INTO ref_code_item(ref_code_set_name,code,code_desc,code_comment,sort_order,active_ind,create_dt,create_user_id,create_app_name,chg_lst_dt,chg_lst_user_id,chg_lst_app_name) VALUES('state','VI','Virgin Islands of the U.S.','',56,'Y',getdate(),'Installation','SQL Studio',getdate(),'Installation','SQL Studio');

INSERT INTO ref_code_item(ref_code_set_name,code,code_desc,code_comment,sort_order,active_ind,create_dt,create_user_id,create_app_name,chg_lst_dt,chg_lst_user_id,chg_lst_app_name) VALUES('summary sent other code','FAX','Fax','',1,'Y',getdate(),'Installation','SQL Studio',getdate(),'Installation','SQL Studio');
INSERT INTO ref_code_item(ref_code_set_name,code,code_desc,code_comment,sort_order,active_ind,create_dt,create_user_id,create_app_name,chg_lst_dt,chg_lst_user_id,chg_lst_app_name) VALUES('summary sent other code','PHONE','Phone','',2,'Y',getdate(),'Installation','SQL Studio',getdate(),'Installation','SQL Studio');
INSERT INTO ref_code_item(ref_code_set_name,code,code_desc,code_comment,sort_order,active_ind,create_dt,create_user_id,create_app_name,chg_lst_dt,chg_lst_user_id,chg_lst_app_name) VALUES('summary sent other code','MULTIPLE','Multiple Transmission Methods','',3,'Y',getdate(),'Installation','SQL Studio',getdate(),'Installation','SQL Studio');

INSERT INTO ref_code_item(ref_code_set_name,code,code_desc,code_comment,sort_order,active_ind,create_dt,create_user_id,create_app_name,chg_lst_dt,chg_lst_user_id,chg_lst_app_name) VALUES('term length code','1', '1','',1,'Y',getdate(),'Installation','SQL Studio',getdate(),'Installation','SQL Studio');
INSERT INTO ref_code_item(ref_code_set_name,code,code_desc,code_comment,sort_order,active_ind,create_dt,create_user_id,create_app_name,chg_lst_dt,chg_lst_user_id,chg_lst_app_name) VALUES('term length code','3','3','',2,'Y',getdate(),'Installation','SQL Studio',getdate(),'Installation','SQL Studio');
INSERT INTO ref_code_item(ref_code_set_name,code,code_desc,code_comment,sort_order,active_ind,create_dt,create_user_id,create_app_name,chg_lst_dt,chg_lst_user_id,chg_lst_app_name) VALUES('term length code','5','5','',3,'Y',getdate(),'Installation','SQL Studio',getdate(),'Installation','SQL Studio');
INSERT INTO ref_code_item(ref_code_set_name,code,code_desc,code_comment,sort_order,active_ind,create_dt,create_user_id,create_app_name,chg_lst_dt,chg_lst_user_id,chg_lst_app_name) VALUES('term length code','7','7','',4,'Y',getdate(),'Installation','SQL Studio',getdate(),'Installation','SQL Studio');
INSERT INTO ref_code_item(ref_code_set_name,code,code_desc,code_comment,sort_order,active_ind,create_dt,create_user_id,create_app_name,chg_lst_dt,chg_lst_user_id,chg_lst_app_name) VALUES('term length code','10','10','',5,'Y',getdate(),'Installation','SQL Studio',getdate(),'Installation','SQL Studio');
INSERT INTO ref_code_item(ref_code_set_name,code,code_desc,code_comment,sort_order,active_ind,create_dt,create_user_id,create_app_name,chg_lst_dt,chg_lst_user_id,chg_lst_app_name) VALUES('term length code','15','15','',6,'Y',getdate(),'Installation','SQL Studio',getdate(),'Installation','SQL Studio');
INSERT INTO ref_code_item(ref_code_set_name,code,code_desc,code_comment,sort_order,active_ind,create_dt,create_user_id,create_app_name,chg_lst_dt,chg_lst_user_id,chg_lst_app_name) VALUES('term length code','20','20','',7,'Y',getdate(),'Installation','SQL Studio',getdate(),'Installation','SQL Studio');
INSERT INTO ref_code_item(ref_code_set_name,code,code_desc,code_comment,sort_order,active_ind,create_dt,create_user_id,create_app_name,chg_lst_dt,chg_lst_user_id,chg_lst_app_name) VALUES('term length code','30','30','',8,'Y',getdate(),'Installation','SQL Studio',getdate(),'Installation','SQL Studio');
INSERT INTO ref_code_item(ref_code_set_name,code,code_desc,code_comment,sort_order,active_ind,create_dt,create_user_id,create_app_name,chg_lst_dt,chg_lst_user_id,chg_lst_app_name) VALUES('term length code','40','40','',9,'Y',getdate(),'Installation','SQL Studio',getdate(),'Installation','SQL Studio');
INSERT INTO ref_code_item(ref_code_set_name,code,code_desc,code_comment,sort_order,active_ind,create_dt,create_user_id,create_app_name,chg_lst_dt,chg_lst_user_id,chg_lst_app_name) VALUES('term length code','UNK','Unknown','',10,'Y',getdate(),'Installation','SQL Studio',getdate(),'Installation','SQL Studio');
INSERT INTO ref_code_item(ref_code_set_name,code,code_desc,code_comment,sort_order,active_ind,create_dt,create_user_id,create_app_name,chg_lst_dt,chg_lst_user_id,chg_lst_app_name) VALUES('term length code','OTHER', 'Other','',11,'Y',getdate(),'Installation','SQL Studio',getdate(),'Installation','SQL Studio');

INSERT INTO ref_code_item(ref_code_set_name,code,code_desc,code_comment,sort_order,active_ind,create_dt,create_user_id,create_app_name,chg_lst_dt,chg_lst_user_id,chg_lst_app_name) VALUES('marital status code', 'NM', 'Never Married	','', 1,'Y',getdate(),'Installation','SQL Studio',getdate(),'Installation','SQL Studio');
INSERT INTO ref_code_item(ref_code_set_name,code,code_desc,code_comment,sort_order,active_ind,create_dt,create_user_id,create_app_name,chg_lst_dt,chg_lst_user_id,chg_lst_app_name) VALUES('marital status code', 'M', 'Married','', 2,'Y',getdate(),'Installation','SQL Studio',getdate(),'Installation','SQL Studio');
INSERT INTO ref_code_item(ref_code_set_name,code,code_desc,code_comment,sort_order,active_ind,create_dt,create_user_id,create_app_name,chg_lst_dt,chg_lst_user_id,chg_lst_app_name) VALUES('marital status code', 'W', 'Widowed','', 3,'Y',getdate(),'Installation','SQL Studio',getdate(),'Installation','SQL Studio');
INSERT INTO ref_code_item(ref_code_set_name,code,code_desc,code_comment,sort_order,active_ind,create_dt,create_user_id,create_app_name,chg_lst_dt,chg_lst_user_id,chg_lst_app_name) VALUES('marital status code', 'D', 'Divorced','', 4,'Y',getdate(),'Installation','SQL Studio',getdate(),'Installation','SQL Studio');
INSERT INTO ref_code_item(ref_code_set_name,code,code_desc,code_comment,sort_order,active_ind,create_dt,create_user_id,create_app_name,chg_lst_dt,chg_lst_user_id,chg_lst_app_name) VALUES('payment code', 'CHECK', 'Check','', 1,'Y',getdate(),'Installation','SQL Studio',getdate(),'Installation','SQL Studio');
INSERT INTO ref_code_item(ref_code_set_name,code,code_desc,code_comment,sort_order,active_ind,create_dt,create_user_id,create_app_name,chg_lst_dt,chg_lst_user_id,chg_lst_app_name) VALUES('payment code', 'EFT', 'Electronic Funds Transfer','', 2,'Y',getdate(),'Installation','SQL Studio',getdate(),'Installation','SQL Studio');
INSERT INTO ref_code_item(ref_code_set_name,code,code_desc,code_comment,sort_order,active_ind,create_dt,create_user_id,create_app_name,chg_lst_dt,chg_lst_user_id,chg_lst_app_name) VALUES('payment code', 'WIRE', 'Wire Transfer','', 3,'Y',getdate(),'Installation','SQL Studio',getdate(),'Installation','SQL Studio');
INSERT INTO ref_code_item(ref_code_set_name,code,code_desc,code_comment,sort_order,active_ind,create_dt,create_user_id,create_app_name,chg_lst_dt,chg_lst_user_id,chg_lst_app_name) VALUES('payment code', 'INTERNALTRANS', 'Internal Transfer','', 4,'Y',getdate(),'Installation','SQL Studio',getdate(),'Installation','SQL Studio');

INSERT INTO ref_code_item(ref_code_set_name,code,code_desc,code_comment,sort_order,active_ind,create_dt,create_user_id,create_app_name,chg_lst_dt,chg_lst_user_id,chg_lst_app_name) VALUES('payment reject reason code', 'UTL', 'Unable to locate loan in portfolio','', 1,'Y',getdate(),'Installation','SQL Studio',getdate(),'Installation','SQL Studio');
INSERT INTO ref_code_item(ref_code_set_name,code,code_desc,code_comment,sort_order,active_ind,create_dt,create_user_id,create_app_name,chg_lst_dt,chg_lst_user_id,chg_lst_app_name) VALUES('payment reject reason code', 'DOCS', 'Invalid counseling documentation','', 2,'Y',getdate(),'Installation','SQL Studio',getdate(),'Installation','SQL Studio');
INSERT INTO ref_code_item(ref_code_set_name,code,code_desc,code_comment,sort_order,active_ind,create_dt,create_user_id,create_app_name,chg_lst_dt,chg_lst_user_id,chg_lst_app_name) VALUES('payment reject reason code', 'PIF', 'Paid in full prior to counseling','', 3,'Y',getdate(),'Installation','SQL Studio',getdate(),'Installation','SQL Studio');
INSERT INTO ref_code_item(ref_code_set_name,code,code_desc,code_comment,sort_order,active_ind,create_dt,create_user_id,create_app_name,chg_lst_dt,chg_lst_user_id,chg_lst_app_name) VALUES('payment reject reason code', 'BK', 'Bankruptcy','', 4,'Y',getdate(),'Installation','SQL Studio',getdate(),'Installation','SQL Studio');
INSERT INTO ref_code_item(ref_code_set_name,code,code_desc,code_comment,sort_order,active_ind,create_dt,create_user_id,create_app_name,chg_lst_dt,chg_lst_user_id,chg_lst_app_name) VALUES('payment reject reason code', 'REO', 'REO','', 5,'Y',getdate(),'Installation','SQL Studio',getdate(),'Installation','SQL Studio');
INSERT INTO ref_code_item(ref_code_set_name,code,code_desc,code_comment,sort_order,active_ind,create_dt,create_user_id,create_app_name,chg_lst_dt,chg_lst_user_id,chg_lst_app_name) VALUES('payment reject reason code', 'FCL', 'Foreclosure sale before counseling','', 6,'Y',getdate(),'Installation','SQL Studio',getdate(),'Installation','SQL Studio');
INSERT INTO ref_code_item(ref_code_set_name,code,code_desc,code_comment,sort_order,active_ind,create_dt,create_user_id,create_app_name,chg_lst_dt,chg_lst_user_id,chg_lst_app_name) VALUES('payment reject reason code', 'FRED', 'Freddie Mac loan','', 7,'Y',getdate(),'Installation','SQL Studio',getdate(),'Installation','SQL Studio');
INSERT INTO ref_code_item(ref_code_set_name,code,code_desc,code_comment,sort_order,active_ind,create_dt,create_user_id,create_app_name,chg_lst_dt,chg_lst_user_id,chg_lst_app_name) VALUES('payment reject reason code', 'DUPE', 'Previously paid/Duplicate','', 8,'Y',getdate(),'Installation','SQL Studio',getdate(),'Installation','SQL Studio');
INSERT INTO ref_code_item(ref_code_set_name,code,code_desc,code_comment,sort_order,active_ind,create_dt,create_user_id,create_app_name,chg_lst_dt,chg_lst_user_id,chg_lst_app_name) VALUES('payment reject reason code','FREDDUP','Freddie Previously paid/Duplicate','',9,'Y',getdate(),'Installation','SQL Studio',getdate(),'Installation','SQL Studio');
INSERT INTO ref_code_item(ref_code_set_name,code,code_desc,code_comment,sort_order,active_ind,create_dt,create_user_id,create_app_name,chg_lst_dt,chg_lst_user_id,chg_lst_app_name) VALUES('payment reject reason code','NFMCDUPEIN','NFMC Previously Paid/Duplicate In-Network','',10,'Y',getdate(),'Installation','SQL Studio',getdate(),'Installation','SQL Studio');
INSERT INTO ref_code_item(ref_code_set_name,code,code_desc,code_comment,sort_order,active_ind,create_dt,create_user_id,create_app_name,chg_lst_dt,chg_lst_user_id,chg_lst_app_name) VALUES('payment reject reason code','NFMCDUPEOUT','NFMC Previously Paid/Duplicate Out-of-Network','',11,'Y',getdate(),'Installation','SQL Studio',getdate(),'Installation','SQL Studio');

INSERT INTO ref_code_item(ref_code_set_name,code,code_desc,code_comment,sort_order,active_ind,create_dt,create_user_id,create_app_name,chg_lst_dt,chg_lst_user_id,chg_lst_app_name) VALUES('never bill reason code', 'BOGUS', 'Obviously bogus session','', 1,'Y',getdate(),'Installation','SQL Studio',getdate(),'Installation','SQL Studio');
INSERT INTO ref_code_item(ref_code_set_name,code,code_desc,code_comment,sort_order,active_ind,create_dt,create_user_id,create_app_name,chg_lst_dt,chg_lst_user_id,chg_lst_app_name) VALUES('never bill reason code', 'TEST', 'Test session','', 2,'Y',getdate(),'Installation','SQL Studio',getdate(),'Installation','SQL Studio');
INSERT INTO ref_code_item(ref_code_set_name,code,code_desc,code_comment,sort_order,active_ind,create_dt,create_user_id,create_app_name,chg_lst_dt,chg_lst_user_id,chg_lst_app_name) VALUES('never bill reason code', 'AGENCYPD', 'Paid by Agency','', 3,'Y',getdate(),'Installation','SQL Studio',getdate(),'Installation','SQL Studio');
INSERT INTO ref_code_item(ref_code_set_name,code,code_desc,code_comment,sort_order,active_ind,create_dt,create_user_id,create_app_name,chg_lst_dt,chg_lst_user_id,chg_lst_app_name) VALUES('never bill reason code', 'OTHER', 'Other reason','', 4,'Y',getdate(),'Installation','SQL Studio',getdate(),'Installation','SQL Studio');
INSERT INTO ref_code_item(ref_code_set_name,code,code_desc,code_comment,sort_order,active_ind,create_dt,create_user_id,create_app_name,chg_lst_dt,chg_lst_user_id,chg_lst_app_name) VALUES('never bill reason code', 'QC', 'Quality Control','', 5,'Y',getdate(),'Installation','SQL Studio',getdate(),'Installation','SQL Studio');
INSERT INTO ref_code_item(ref_code_set_name,code,code_desc,code_comment,sort_order,active_ind,create_dt,create_user_id,create_app_name,chg_lst_dt,chg_lst_user_id,chg_lst_app_name) VALUES('never bill reason code','DUPEMAN', 'Duplicate - Manually Set','',6,'Y',getdate(),'Installation','SQL Studio',getdate(),'Installation','SQL Studio');
INSERT INTO ref_code_item(ref_code_set_name,code,code_desc,code_comment,sort_order,active_ind,create_dt,create_user_id,create_app_name,chg_lst_dt,chg_lst_user_id,chg_lst_app_name) VALUES('never bill reason code','CCRCBILL', 'Billed in CCRC','',7,'Y',getdate(),'Installation','SQL Studio',getdate(),'Installation','SQL Studio');

INSERT INTO ref_code_item(ref_code_set_name,code,code_desc,code_comment,sort_order,active_ind,create_dt,create_user_id,create_app_name,chg_lst_dt,chg_lst_user_id,chg_lst_app_name) VALUES('never pay reason code', 'BOGUS', 'Obviously bogus session','', 1,'Y',getdate(),'Installation','SQL Studio',getdate(),'Installation','SQL Studio');
INSERT INTO ref_code_item(ref_code_set_name,code,code_desc,code_comment,sort_order,active_ind,create_dt,create_user_id,create_app_name,chg_lst_dt,chg_lst_user_id,chg_lst_app_name) VALUES('never pay reason code', 'TEST', 'Test session','', 2,'Y',getdate(),'Installation','SQL Studio',getdate(),'Installation','SQL Studio');
INSERT INTO ref_code_item(ref_code_set_name,code,code_desc,code_comment,sort_order,active_ind,create_dt,create_user_id,create_app_name,chg_lst_dt,chg_lst_user_id,chg_lst_app_name) VALUES('never pay reason code', 'DUPE', 'Duplicate','', 3,'Y',getdate(),'Installation','SQL Studio',getdate(),'Installation','SQL Studio');
INSERT INTO ref_code_item(ref_code_set_name,code,code_desc,code_comment,sort_order,active_ind,create_dt,create_user_id,create_app_name,chg_lst_dt,chg_lst_user_id,chg_lst_app_name) VALUES('never pay reason code', 'OTHER', 'Other reason','', 4,'Y',getdate(),'Installation','SQL Studio',getdate(),'Installation','SQL Studio');
INSERT INTO ref_code_item(ref_code_set_name,code,code_desc,code_comment,sort_order,active_ind,create_dt,create_user_id,create_app_name,chg_lst_dt,chg_lst_user_id,chg_lst_app_name) VALUES('never pay reason code', 'PREVPAID', 'Previously Paid','', 5,'Y',getdate(),'Installation','SQL Studio',getdate(),'Installation','SQL Studio');
INSERT INTO ref_code_item(ref_code_set_name,code,code_desc,code_comment,sort_order,active_ind,create_dt,create_user_id,create_app_name,chg_lst_dt,chg_lst_user_id,chg_lst_app_name) VALUES('never pay reason code', 'QC', 'Quality Control','', 6,'Y',getdate(),'Installation','SQL Studio',getdate(),'Installation','SQL Studio');
INSERT INTO ref_code_item(ref_code_set_name,code,code_desc,code_comment,sort_order,active_ind,create_dt,create_user_id,create_app_name,chg_lst_dt,chg_lst_user_id,chg_lst_app_name) VALUES('never pay reason code','DUPEMAN', 'Duplicate - Manually Set','',7,'Y',getdate(),'Installation','SQL Studio',getdate(),'Installation','SQL Studio');
INSERT INTO ref_code_item(ref_code_set_name,code,code_desc,code_comment,sort_order,active_ind,create_dt,create_user_id,create_app_name,chg_lst_dt,chg_lst_user_id,chg_lst_app_name) VALUES('never pay reason code','CCRCPAID', 'Paid in CCRC','',8,'Y',getdate(),'Installation','SQL Studio',getdate(),'Installation','SQL Studio');

INSERT INTO ref_code_item(ref_code_set_name,code,code_desc,code_comment,sort_order,active_ind,create_dt,create_user_id,create_app_name,chg_lst_dt,chg_lst_user_id,chg_lst_app_name) VALUES('agency payable status code', 'ACTIVE', 'Active','', 1,'Y',getdate(),'Installation','SQL Studio',getdate(),'Installation','SQL Studio');
INSERT INTO ref_code_item(ref_code_set_name,code,code_desc,code_comment,sort_order,active_ind,create_dt,create_user_id,create_app_name,chg_lst_dt,chg_lst_user_id,chg_lst_app_name) VALUES('agency payable status code', 'CANCELLED', 'Cancelled','', 2,'Y',getdate(),'Installation','SQL Studio',getdate(),'Installation','SQL Studio');

INSERT INTO ref_code_item(ref_code_set_name,code,code_desc,code_comment,sort_order,active_ind,create_dt,create_user_id,create_app_name,chg_lst_dt,chg_lst_user_id,chg_lst_app_name) VALUES('invoice status code', 'ACTIVE', 'Active','', 1,'Y',getdate(),'Installation','SQL Studio',getdate(),'Installation','SQL Studio');
INSERT INTO ref_code_item(ref_code_set_name,code,code_desc,code_comment,sort_order,active_ind,create_dt,create_user_id,create_app_name,chg_lst_dt,chg_lst_user_id,chg_lst_app_name) VALUES('invoice status code', 'CANCELLED', 'Cancelled','', 2,'Y',getdate(),'Installation','SQL Studio',getdate(),'Installation','SQL Studio');

INSERT INTO ref_code_item(ref_code_set_name,code,code_desc,code_comment,sort_order,active_ind,create_dt,create_user_id,create_app_name,chg_lst_dt,chg_lst_user_id,chg_lst_app_name) VALUES('final disposition code', 'CALL4MORTGCO', 'Calling for Mortgage Company','', 1,'Y',getdate(),'Installation','SQL Studio',getdate(),'Installation','SQL Studio');
INSERT INTO ref_code_item(ref_code_set_name,code,code_desc,code_comment,sort_order,active_ind,create_dt,create_user_id,create_app_name,chg_lst_dt,chg_lst_user_id,chg_lst_app_name) VALUES('final disposition code', 'SRVCRNOANSWER', 'Cannot get through to my servicer','', 2,'Y',getdate(),'Installation','SQL Studio',getdate(),'Installation','SQL Studio');
INSERT INTO ref_code_item(ref_code_set_name,code,code_desc,code_comment,sort_order,active_ind,create_dt,create_user_id,create_app_name,chg_lst_dt,chg_lst_user_id,chg_lst_app_name) VALUES('final disposition code', 'COUNSELORTRANS', 'Counselor Transfer','', 3,'Y',getdate(),'Installation','SQL Studio',getdate(),'Installation','SQL Studio');
INSERT INTO ref_code_item(ref_code_set_name,code,code_desc,code_comment,sort_order,active_ind,create_dt,create_user_id,create_app_name,chg_lst_dt,chg_lst_user_id,chg_lst_app_name) VALUES('final disposition code', 'DECLINEDSESSION', 'Declined Session','', 4,'Y',getdate(),'Installation','SQL Studio',getdate(),'Installation','SQL Studio');
INSERT INTO ref_code_item(ref_code_set_name,code,code_desc,code_comment,sort_order,active_ind,create_dt,create_user_id,create_app_name,chg_lst_dt,chg_lst_user_id,chg_lst_app_name) VALUES('final disposition code', 'GRANTSFUNDS', 'Grants / Funds','', 5,'Y',getdate(),'Installation','SQL Studio',getdate(),'Installation','SQL Studio');
INSERT INTO ref_code_item(ref_code_set_name,code,code_desc,code_comment,sort_order,active_ind,create_dt,create_user_id,create_app_name,chg_lst_dt,chg_lst_user_id,chg_lst_app_name) VALUES('final disposition code', 'HANGUP', 'Hang-up','', 6,'Y',getdate(),'Installation','SQL Studio',getdate(),'Installation','SQL Studio');
INSERT INTO ref_code_item(ref_code_set_name,code,code_desc,code_comment,sort_order,active_ind,create_dt,create_user_id,create_app_name,chg_lst_dt,chg_lst_user_id,chg_lst_app_name) VALUES('final disposition code', 'INFOONLY', 'Info Only','', 7,'Y',getdate(),'Installation','SQL Studio',getdate(),'Installation','SQL Studio');
INSERT INTO ref_code_item(ref_code_set_name,code,code_desc,code_comment,sort_order,active_ind,create_dt,create_user_id,create_app_name,chg_lst_dt,chg_lst_user_id,chg_lst_app_name) VALUES('final disposition code', 'NONOWNERINFO', 'Non-homeowner calling for information','', 8,'Y',getdate(),'Installation','SQL Studio',getdate(),'Installation','SQL Studio');
INSERT INTO ref_code_item(ref_code_set_name,code,code_desc,code_comment,sort_order,active_ind,create_dt,create_user_id,create_app_name,chg_lst_dt,chg_lst_user_id,chg_lst_app_name) VALUES('final disposition code', 'PHONATHON', 'Phonathon - Transfer','', 9,'Y',getdate(),'Installation','SQL Studio',getdate(),'Installation','SQL Studio');
INSERT INTO ref_code_item(ref_code_set_name,code,code_desc,code_comment,sort_order,active_ind,create_dt,create_user_id,create_app_name,chg_lst_dt,chg_lst_user_id,chg_lst_app_name) VALUES('final disposition code', 'SESSIONNOTFOUND', 'Previous Session Not Found','', 10,'Y',getdate(),'Installation','SQL Studio',getdate(),'Installation','SQL Studio');
INSERT INTO ref_code_item(ref_code_set_name,code,code_desc,code_comment,sort_order,active_ind,create_dt,create_user_id,create_app_name,chg_lst_dt,chg_lst_user_id,chg_lst_app_name) VALUES('final disposition code', 'FREEZEREFERRAL', 'Rate freeze information - Refer to Lender/Servicer','', 11,'Y',getdate(),'Installation','SQL Studio',getdate(),'Installation','SQL Studio');
INSERT INTO ref_code_item(ref_code_set_name,code,code_desc,code_comment,sort_order,active_ind,create_dt,create_user_id,create_app_name,chg_lst_dt,chg_lst_user_id,chg_lst_app_name) VALUES('final disposition code', 'FREEZEDNQ', 'Rate freeze information - do not qualify','', 12,'Y',getdate(),'Installation','SQL Studio',getdate(),'Installation','SQL Studio');
INSERT INTO ref_code_item(ref_code_set_name,code,code_desc,code_comment,sort_order,active_ind,create_dt,create_user_id,create_app_name,chg_lst_dt,chg_lst_user_id,chg_lst_app_name) VALUES('final disposition code', 'REFER2COUNSELOR', 'Refer to specific counselor','', 13,'Y',getdate(),'Installation','SQL Studio',getdate(),'Installation','SQL Studio');
INSERT INTO ref_code_item(ref_code_set_name,code,code_desc,code_comment,sort_order,active_ind,create_dt,create_user_id,create_app_name,chg_lst_dt,chg_lst_user_id,chg_lst_app_name) VALUES('final disposition code', 'REPEATCALL', 'Repeat Call - Transfer','', 14,'Y',getdate(),'Installation','SQL Studio',getdate(),'Installation','SQL Studio');
INSERT INTO ref_code_item(ref_code_set_name,code,code_desc,code_comment,sort_order,active_ind,create_dt,create_user_id,create_app_name,chg_lst_dt,chg_lst_user_id,chg_lst_app_name) VALUES('final disposition code', 'THIRDPARTY', 'Third Party Caller','', 15,'Y',getdate(),'Installation','SQL Studio',getdate(),'Installation','SQL Studio');
INSERT INTO ref_code_item(ref_code_set_name,code,code_desc,code_comment,sort_order,active_ind,create_dt,create_user_id,create_app_name,chg_lst_dt,chg_lst_user_id,chg_lst_app_name) VALUES('final disposition code', 'WRONGNUMBER', 'Wrong number','', 16,'Y',getdate(),'Installation','SQL Studio',getdate(),'Installation','SQL Studio');

INSERT INTO ref_code_item(ref_code_set_name,code,code_desc,code_comment,sort_order,active_ind,create_dt,create_user_id,create_app_name,chg_lst_dt,chg_lst_user_id,chg_lst_app_name) VALUES('education level completed code','N','No academic credentials','',1,'Y',getdate(),'Installation','SQL Studio',getdate(),'Installation','SQL Studio');
INSERT INTO ref_code_item(ref_code_set_name,code,code_desc,code_comment,sort_order,active_ind,create_dt,create_user_id,create_app_name,chg_lst_dt,chg_lst_user_id,chg_lst_app_name) VALUES('education level completed code','H','High school diploma or equivalent','',2,'Y',getdate(),'Installation','SQL Studio',getdate(),'Installation','SQL Studio');
INSERT INTO ref_code_item(ref_code_set_name,code,code_desc,code_comment,sort_order,active_ind,create_dt,create_user_id,create_app_name,chg_lst_dt,chg_lst_user_id,chg_lst_app_name) VALUES('education level completed code','T','Trade or craft certificate','',3,'Y',getdate(),'Installation','SQL Studio',getdate(),'Installation','SQL Studio');
INSERT INTO ref_code_item(ref_code_set_name,code,code_desc,code_comment,sort_order,active_ind,create_dt,create_user_id,create_app_name,chg_lst_dt,chg_lst_user_id,chg_lst_app_name) VALUES('education level completed code','A','Associate degree','',4,'Y',getdate(),'Installation','SQL Studio',getdate(),'Installation','SQL Studio');
INSERT INTO ref_code_item(ref_code_set_name,code,code_desc,code_comment,sort_order,active_ind,create_dt,create_user_id,create_app_name,chg_lst_dt,chg_lst_user_id,chg_lst_app_name) VALUES('education level completed code','B','Bachelor''s degree','',5,'Y',getdate(),'Installation','SQL Studio',getdate(),'Installation','SQL Studio');
INSERT INTO ref_code_item(ref_code_set_name,code,code_desc,code_comment,sort_order,active_ind,create_dt,create_user_id,create_app_name,chg_lst_dt,chg_lst_user_id,chg_lst_app_name) VALUES('education level completed code','M','Master''s degree (M.A., M.S.)','',6,'Y',getdate(),'Installation','SQL Studio',getdate(),'Installation','SQL Studio');
INSERT INTO ref_code_item(ref_code_set_name,code,code_desc,code_comment,sort_order,active_ind,create_dt,create_user_id,create_app_name,chg_lst_dt,chg_lst_user_id,chg_lst_app_name) VALUES('education level completed code','P','Professional degree (e.g., M.L.S., J.D., M.S.W., etc.)','',7,'Y',getdate(),'Installation','SQL Studio',getdate(),'Installation','SQL Studio');
INSERT INTO ref_code_item(ref_code_set_name,code,code_desc,code_comment,sort_order,active_ind,create_dt,create_user_id,create_app_name,chg_lst_dt,chg_lst_user_id,chg_lst_app_name) VALUES('education level completed code','D','Doctorate (e.g., Ph.D., D.Sc., M.D., D.Pharm., D.L.S., Ed.D.,etc.)','',8,'Y',getdate(),'Installation','SQL Studio',getdate(),'Installation','SQL Studio');

INSERT INTO ref_code_item(ref_code_set_name,code,code_desc,code_comment,sort_order,active_ind,create_dt,create_user_id,create_app_name,chg_lst_dt,chg_lst_user_id,chg_lst_app_name) VALUES('preferred language code','ALE', 'Aleut','',1,'Y',getdate(),'Installation','SQL Studio',getdate(),'Installation','SQL Studio');
INSERT INTO ref_code_item(ref_code_set_name,code,code_desc,code_comment,sort_order,active_ind,create_dt,create_user_id,create_app_name,chg_lst_dt,chg_lst_user_id,chg_lst_app_name) VALUES('preferred language code','CHI', 'Chinese','',2,'Y',getdate(),'Installation','SQL Studio',getdate(),'Installation','SQL Studio');
INSERT INTO ref_code_item(ref_code_set_name,code,code_desc,code_comment,sort_order,active_ind,create_dt,create_user_id,create_app_name,chg_lst_dt,chg_lst_user_id,chg_lst_app_name) VALUES('preferred language code','CZE', 'Czech','',3,'Y',getdate(),'Installation','SQL Studio',getdate(),'Installation','SQL Studio');
INSERT INTO ref_code_item(ref_code_set_name,code,code_desc,code_comment,sort_order,active_ind,create_dt,create_user_id,create_app_name,chg_lst_dt,chg_lst_user_id,chg_lst_app_name) VALUES('preferred language code','ENG',	'English','',4,'Y',getdate(),'Installation','SQL Studio',getdate(),'Installation','SQL Studio');
INSERT INTO ref_code_item(ref_code_set_name,code,code_desc,code_comment,sort_order,active_ind,create_dt,create_user_id,create_app_name,chg_lst_dt,chg_lst_user_id,chg_lst_app_name) VALUES('preferred language code','FIL',	'Filipino','',5,'Y',getdate(),'Installation','SQL Studio',getdate(),'Installation','SQL Studio');
INSERT INTO ref_code_item(ref_code_set_name,code,code_desc,code_comment,sort_order,active_ind,create_dt,create_user_id,create_app_name,chg_lst_dt,chg_lst_user_id,chg_lst_app_name) VALUES('preferred language code','FRE',	'French','',6,'Y',getdate(),'Installation','SQL Studio',getdate(),'Installation','SQL Studio');
INSERT INTO ref_code_item(ref_code_set_name,code,code_desc,code_comment,sort_order,active_ind,create_dt,create_user_id,create_app_name,chg_lst_dt,chg_lst_user_id,chg_lst_app_name) VALUES('preferred language code','GER',	'German','',7,'Y',getdate(),'Installation','SQL Studio',getdate(),'Installation','SQL Studio');
INSERT INTO ref_code_item(ref_code_set_name,code,code_desc,code_comment,sort_order,active_ind,create_dt,create_user_id,create_app_name,chg_lst_dt,chg_lst_user_id,chg_lst_app_name) VALUES('preferred language code','HIN',	'Hindi','',8,'Y',getdate(),'Installation','SQL Studio',getdate(),'Installation','SQL Studio');
INSERT INTO ref_code_item(ref_code_set_name,code,code_desc,code_comment,sort_order,active_ind,create_dt,create_user_id,create_app_name,chg_lst_dt,chg_lst_user_id,chg_lst_app_name) VALUES('preferred language code','HMN',	'Hmong','',9,'Y',getdate(),'Installation','SQL Studio',getdate(),'Installation','SQL Studio');
INSERT INTO ref_code_item(ref_code_set_name,code,code_desc,code_comment,sort_order,active_ind,create_dt,create_user_id,create_app_name,chg_lst_dt,chg_lst_user_id,chg_lst_app_name) VALUES('preferred language code','JPN',	'Japanese','',10,'Y',getdate(),'Installation','SQL Studio',getdate(),'Installation','SQL Studio');
INSERT INTO ref_code_item(ref_code_set_name,code,code_desc,code_comment,sort_order,active_ind,create_dt,create_user_id,create_app_name,chg_lst_dt,chg_lst_user_id,chg_lst_app_name) VALUES('preferred language code','KOR',	'Korean','',11,'Y',getdate(),'Installation','SQL Studio',getdate(),'Installation','SQL Studio');
INSERT INTO ref_code_item(ref_code_set_name,code,code_desc,code_comment,sort_order,active_ind,create_dt,create_user_id,create_app_name,chg_lst_dt,chg_lst_user_id,chg_lst_app_name) VALUES('preferred language code','LAO',	'Lao','',12,'Y',getdate(),'Installation','SQL Studio',getdate(),'Installation','SQL Studio');
INSERT INTO ref_code_item(ref_code_set_name,code,code_desc,code_comment,sort_order,active_ind,create_dt,create_user_id,create_app_name,chg_lst_dt,chg_lst_user_id,chg_lst_app_name) VALUES('preferred language code','RUS',	'Russian','',13,'Y',getdate(),'Installation','SQL Studio',getdate(),'Installation','SQL Studio');
INSERT INTO ref_code_item(ref_code_set_name,code,code_desc,code_comment,sort_order,active_ind,create_dt,create_user_id,create_app_name,chg_lst_dt,chg_lst_user_id,chg_lst_app_name) VALUES('preferred language code','SOM',	'Somali','',14,'Y',getdate(),'Installation','SQL Studio',getdate(),'Installation','SQL Studio');
INSERT INTO ref_code_item(ref_code_set_name,code,code_desc,code_comment,sort_order,active_ind,create_dt,create_user_id,create_app_name,chg_lst_dt,chg_lst_user_id,chg_lst_app_name) VALUES('preferred language code','SPA',	'Spanish','',15,'Y',getdate(),'Installation','SQL Studio',getdate(),'Installation','SQL Studio');
INSERT INTO ref_code_item(ref_code_set_name,code,code_desc,code_comment,sort_order,active_ind,create_dt,create_user_id,create_app_name,chg_lst_dt,chg_lst_user_id,chg_lst_app_name) VALUES('preferred language code','TGL',	'Tagalog','',16,'Y',getdate(),'Installation','SQL Studio',getdate(),'Installation','SQL Studio');
INSERT INTO ref_code_item(ref_code_set_name,code,code_desc,code_comment,sort_order,active_ind,create_dt,create_user_id,create_app_name,chg_lst_dt,chg_lst_user_id,chg_lst_app_name) VALUES('preferred language code','VIE',	'Vietnamese','',17,'Y',getdate(),'Installation','SQL Studio',getdate(),'Installation','SQL Studio');

INSERT INTO ref_code_item(ref_code_set_name,code,code_desc,code_comment,sort_order,active_ind,create_dt,create_user_id,create_app_name,chg_lst_dt,chg_lst_user_id,chg_lst_app_name) VALUES('case source code','311/211','311/211','311/211',1,'Y',getdate(),'Installation','SQL Studio',getdate(),'Installation','SQL Studio');
INSERT INTO ref_code_item(ref_code_set_name,code,code_desc,code_comment,sort_order,active_ind,create_dt,create_user_id,create_app_name,chg_lst_dt,chg_lst_user_id,chg_lst_app_name) VALUES('case source code','BILLBOARD','Billboard','',2,'Y',getdate(),'Installation','SQL Studio',getdate(),'Installation','SQL Studio');
INSERT INTO ref_code_item(ref_code_set_name,code,code_desc,code_comment,sort_order,active_ind,create_dt,create_user_id,create_app_name,chg_lst_dt,chg_lst_user_id,chg_lst_app_name) VALUES('case source code', 'CELEBRITY', 'Celebrity', '',3,'Y',getdate(),'Installation','SQL Studio',getdate(),'Installation','SQL Studio');
INSERT INTO ref_code_item(ref_code_set_name,code,code_desc,code_comment,sort_order,active_ind,create_dt,create_user_id,create_app_name,chg_lst_dt,chg_lst_user_id,chg_lst_app_name) VALUES('case source code', 'CELEBRITY VMAIL', 'Celebrity Voicemail', '',4,'Y',getdate(),'Installation','SQL Studio',getdate(),'Installation','SQL Studio');
INSERT INTO ref_code_item(ref_code_set_name,code,code_desc,code_comment,sort_order,active_ind,create_dt,create_user_id,create_app_name,chg_lst_dt,chg_lst_user_id,chg_lst_app_name) VALUES('case source code','COUNSELOR REFER', 'Referred by CCRC counselor', '',5,'Y',getdate(),'Installation','SQL Studio',getdate(),'Installation','SQL Studio');
INSERT INTO ref_code_item(ref_code_set_name,code,code_desc,code_comment,sort_order,active_ind,create_dt,create_user_id,create_app_name,chg_lst_dt,chg_lst_user_id,chg_lst_app_name) VALUES('case source code','DOOR HANGER','Door Hanger','',6,'Y',getdate(),'Installation','SQL Studio',getdate(),'Installation','SQL Studio');
INSERT INTO ref_code_item(ref_code_set_name,code,code_desc,code_comment,sort_order,active_ind,create_dt,create_user_id,create_app_name,chg_lst_dt,chg_lst_user_id,chg_lst_app_name) VALUES('case source code','FAITH COMMUNITY', 'Church/Faith Community', '', 7,'Y',getdate(),'Installation','SQL Studio',getdate(),'Installation','SQL Studio');
INSERT INTO ref_code_item(ref_code_set_name,code,code_desc,code_comment,sort_order,active_ind,create_dt,create_user_id,create_app_name,chg_lst_dt,chg_lst_user_id,chg_lst_app_name) VALUES('case source code','HOPE NOW LETTER','Hope Now Letter','',8,'Y',getdate(),'Installation','SQL Studio',getdate(),'Installation','SQL Studio');
INSERT INTO ref_code_item(ref_code_set_name,code,code_desc,code_comment,sort_order,active_ind,create_dt,create_user_id,create_app_name,chg_lst_dt,chg_lst_user_id,chg_lst_app_name) VALUES('case source code','HUD','HUD (Housing & Urban Development)','',9,'Y',getdate(),'Installation','SQL Studio',getdate(),'Installation','SQL Studio');
INSERT INTO ref_code_item(ref_code_set_name,code,code_desc,code_comment,sort_order,active_ind,create_dt,create_user_id,create_app_name,chg_lst_dt,chg_lst_user_id,chg_lst_app_name) VALUES('case source code','INTERNET','Internet','',10,'Y',getdate(),'Installation','SQL Studio',getdate(),'Installation','SQL Studio');
INSERT INTO ref_code_item(ref_code_set_name,code,code_desc,code_comment,sort_order,active_ind,create_dt,create_user_id,create_app_name,chg_lst_dt,chg_lst_user_id,chg_lst_app_name) VALUES('case source code','MAILING','Mailing','',11,'Y',getdate(),'Installation','SQL Studio',getdate(),'Installation','SQL Studio');
INSERT INTO ref_code_item(ref_code_set_name,code,code_desc,code_comment,sort_order,active_ind,create_dt,create_user_id,create_app_name,chg_lst_dt,chg_lst_user_id,chg_lst_app_name) VALUES('case source code','MILK JUG AD','Milk Jug Ad','',12,'Y',getdate(),'Installation','SQL Studio',getdate(),'Installation','SQL Studio');
INSERT INTO ref_code_item(ref_code_set_name,code,code_desc,code_comment,sort_order,active_ind,create_dt,create_user_id,create_app_name,chg_lst_dt,chg_lst_user_id,chg_lst_app_name) VALUES('case source code','MORTGAGE COMP', 'Mortgage Company','', 13,'Y',getdate(),'Installation','SQL Studio',getdate(),'Installation','SQL Studio');
INSERT INTO ref_code_item(ref_code_set_name,code,code_desc,code_comment,sort_order,active_ind,create_dt,create_user_id,create_app_name,chg_lst_dt,chg_lst_user_id,chg_lst_app_name) VALUES('case source code','NEIGHBORWORKS','Neighborworks/NHS office/staff','',14,'Y',getdate(),'Installation','SQL Studio',getdate(),'Installation','SQL Studio');
INSERT INTO ref_code_item(ref_code_set_name,code,code_desc,code_comment,sort_order,active_ind,create_dt,create_user_id,create_app_name,chg_lst_dt,chg_lst_user_id,chg_lst_app_name) VALUES('case source code','NEWSPAPER/ADS' ,'Newspaper/print advertisement','', 15,'Y',getdate(),'Installation','SQL Studio',getdate(),'Installation','SQL Studio');
INSERT INTO ref_code_item(ref_code_set_name,code,code_desc,code_comment,sort_order,active_ind,create_dt,create_user_id,create_app_name,chg_lst_dt,chg_lst_user_id,chg_lst_app_name) VALUES('case source code','NYC','NYC Subway/Penn Station','', 16,'Y',getdate(),'Installation','SQL Studio',getdate(),'Installation','SQL Studio');
INSERT INTO ref_code_item(ref_code_set_name,code,code_desc,code_comment,sort_order,active_ind,create_dt,create_user_id,create_app_name,chg_lst_dt,chg_lst_user_id,chg_lst_app_name) VALUES('case source code','PHONATHON','Phonathon','',17,'Y',getdate(),'Installation','SQL Studio',getdate(),'Installation','SQL Studio');
INSERT INTO ref_code_item(ref_code_set_name,code,code_desc,code_comment,sort_order,active_ind,create_dt,create_user_id,create_app_name,chg_lst_dt,chg_lst_user_id,chg_lst_app_name) VALUES('case source code','RADIO','Radio','',18,'Y',getdate(),'Installation','SQL Studio',getdate(),'Installation','SQL Studio');
INSERT INTO ref_code_item(ref_code_set_name,code,code_desc,code_comment,sort_order,active_ind,create_dt,create_user_id,create_app_name,chg_lst_dt,chg_lst_user_id,chg_lst_app_name) VALUES('case source code','REFERRAL', 'Referral (professional\friend\family)','',19,'Y',getdate(),'Installation','SQL Studio',getdate(),'Installation','SQL Studio');
INSERT INTO ref_code_item(ref_code_set_name,code,code_desc,code_comment,sort_order,active_ind,create_dt,create_user_id,create_app_name,chg_lst_dt,chg_lst_user_id,chg_lst_app_name) VALUES('case source code','TELEVISION','Television','',20,'Y',getdate(),'Installation','SQL Studio',getdate(),'Installation','SQL Studio');
INSERT INTO ref_code_item(ref_code_set_name,code,code_desc,code_comment,sort_order,active_ind,create_dt,create_user_id,create_app_name,chg_lst_dt,chg_lst_user_id,chg_lst_app_name) VALUES('case source code','URBAN LEAGUE', 'Urban League (national/local)', '',21,'Y',getdate(),'Installation','SQL Studio',getdate(),'Installation','SQL Studio');
INSERT INTO ref_code_item(ref_code_set_name,code,code_desc,code_comment,sort_order,active_ind,create_dt,create_user_id,create_app_name,chg_lst_dt,chg_lst_user_id,chg_lst_app_name) VALUES('case source code','USA CARES','USA Cares','',22,'Y',getdate(),'Installation','SQL Studio',getdate(),'Installation','SQL Studio');
INSERT INTO ref_code_item(ref_code_set_name,code,code_desc,code_comment,sort_order,active_ind,create_dt,create_user_id,create_app_name,chg_lst_dt,chg_lst_user_id,chg_lst_app_name) VALUES('case source code','UTILITY BILL','Utility Bill','',23,'Y',getdate(),'Installation','SQL Studio',getdate(),'Installation','SQL Studio');
INSERT INTO ref_code_item(ref_code_set_name,code,code_desc,code_comment,sort_order,active_ind,create_dt,create_user_id,create_app_name,chg_lst_dt,chg_lst_user_id,chg_lst_app_name) VALUES('case source code','OTHER','Other','',24,'Y',getdate(),'Installation','SQL Studio',getdate(),'Installation','SQL Studio');

INSERT INTO ref_code_item(ref_code_set_name,code,code_desc,code_comment,sort_order,active_ind,create_dt,create_user_id,create_app_name,chg_lst_dt,chg_lst_user_id,chg_lst_app_name) VALUES('call source code','311/211','311/211','',1,'Y',getdate(),'Installation','SQL Studio',getdate(),'Installation','SQL Studio');
INSERT INTO ref_code_item(ref_code_set_name,code,code_desc,code_comment,sort_order,active_ind,create_dt,create_user_id,create_app_name,chg_lst_dt,chg_lst_user_id,chg_lst_app_name) VALUES('call source code','BILLBOARD','Billboard','',2,'Y',getdate(),'Installation','SQL Studio',getdate(),'Installation','SQL Studio');
INSERT INTO ref_code_item(ref_code_set_name,code,code_desc,code_comment,sort_order,active_ind,create_dt,create_user_id,create_app_name,chg_lst_dt,chg_lst_user_id,chg_lst_app_name) VALUES('call source code','CELEBRITY', 'Celebrity', '',3,'Y',getdate(),'Installation','SQL Studio',getdate(),'Installation','SQL Studio');
INSERT INTO ref_code_item(ref_code_set_name,code,code_desc,code_comment,sort_order,active_ind,create_dt,create_user_id,create_app_name,chg_lst_dt,chg_lst_user_id,chg_lst_app_name) VALUES('call source code','CELEBRITY VMAIL', 'Celebrity Voicemail', '',4,'Y',getdate(),'Installation','SQL Studio',getdate(),'Installation','SQL Studio');
INSERT INTO ref_code_item(ref_code_set_name,code,code_desc,code_comment,sort_order,active_ind,create_dt,create_user_id,create_app_name,chg_lst_dt,chg_lst_user_id,chg_lst_app_name) VALUES('call source code','COUNSELOR REFER','Referred by CCRC counselor', '',5,'Y',getdate(),'Installation','SQL Studio',getdate(),'Installation','SQL Studio');
INSERT INTO ref_code_item(ref_code_set_name,code,code_desc,code_comment,sort_order,active_ind,create_dt,create_user_id,create_app_name,chg_lst_dt,chg_lst_user_id,chg_lst_app_name) VALUES('call source code','DOOR HANGER','Door Hanger','',6,'Y',getdate(),'Installation','SQL Studio',getdate(),'Installation','SQL Studio');
INSERT INTO ref_code_item(ref_code_set_name,code,code_desc,code_comment,sort_order,active_ind,create_dt,create_user_id,create_app_name,chg_lst_dt,chg_lst_user_id,chg_lst_app_name) VALUES('call source code','FAITH COMMUNITY','Church/Faith Community', '',7,'Y',getdate(),'Installation','SQL Studio',getdate(),'Installation','SQL Studio');
INSERT INTO ref_code_item(ref_code_set_name,code,code_desc,code_comment,sort_order,active_ind,create_dt,create_user_id,create_app_name,chg_lst_dt,chg_lst_user_id,chg_lst_app_name) VALUES('call source code','HOPE NOW LETTER','Hope Now Letter','',8,'Y',getdate(),'Installation','SQL Studio',getdate(),'Installation','SQL Studio');
INSERT INTO ref_code_item(ref_code_set_name,code,code_desc,code_comment,sort_order,active_ind,create_dt,create_user_id,create_app_name,chg_lst_dt,chg_lst_user_id,chg_lst_app_name) VALUES('call source code','HUD', 'HUD (Housing & Urban Development)', '',9,'Y',getdate(),'Installation','SQL Studio',getdate(),'Installation','SQL Studio');
INSERT INTO ref_code_item(ref_code_set_name,code,code_desc,code_comment,sort_order,active_ind,create_dt,create_user_id,create_app_name,chg_lst_dt,chg_lst_user_id,chg_lst_app_name) VALUES('call source code','INTERNET','Internet','',10,'Y',getdate(),'Installation','SQL Studio',getdate(),'Installation','SQL Studio');
INSERT INTO ref_code_item(ref_code_set_name,code,code_desc,code_comment,sort_order,active_ind,create_dt,create_user_id,create_app_name,chg_lst_dt,chg_lst_user_id,chg_lst_app_name) VALUES('call source code','MAILING','Mailing','',11,'Y',getdate(),'Installation','SQL Studio',getdate(),'Installation','SQL Studio');
INSERT INTO ref_code_item(ref_code_set_name,code,code_desc,code_comment,sort_order,active_ind,create_dt,create_user_id,create_app_name,chg_lst_dt,chg_lst_user_id,chg_lst_app_name) VALUES('call source code','MILK JUG AD','Milk Jug Ad','',12,'Y',getdate(),'Installation','SQL Studio',getdate(),'Installation','SQL Studio');
INSERT INTO ref_code_item(ref_code_set_name,code,code_desc,code_comment,sort_order,active_ind,create_dt,create_user_id,create_app_name,chg_lst_dt,chg_lst_user_id,chg_lst_app_name) VALUES('call source code','MORTGAGE COMP','Mortgage Company', '',13,'Y',getdate(),'Installation','SQL Studio',getdate(),'Installation','SQL Studio');
INSERT INTO ref_code_item(ref_code_set_name,code,code_desc,code_comment,sort_order,active_ind,create_dt,create_user_id,create_app_name,chg_lst_dt,chg_lst_user_id,chg_lst_app_name) VALUES('call source code','NEIGHBORWORKS','Neighborworks/NHS office/staff', '',14,'Y',getdate(),'Installation','SQL Studio',getdate(),'Installation','SQL Studio');
INSERT INTO ref_code_item(ref_code_set_name,code,code_desc,code_comment,sort_order,active_ind,create_dt,create_user_id,create_app_name,chg_lst_dt,chg_lst_user_id,chg_lst_app_name) VALUES('call source code','NEWSPAPER/ADS','Newspaper/print advertisement', '',15,'Y',getdate(),'Installation','SQL Studio',getdate(),'Installation','SQL Studio');
INSERT INTO ref_code_item(ref_code_set_name,code,code_desc,code_comment,sort_order,active_ind,create_dt,create_user_id,create_app_name,chg_lst_dt,chg_lst_user_id,chg_lst_app_name) VALUES('call source code','NYC','NYC Subway/Penn Station', '',16,'Y',getdate(),'Installation','SQL Studio',getdate(),'Installation','SQL Studio');
INSERT INTO ref_code_item(ref_code_set_name,code,code_desc,code_comment,sort_order,active_ind,create_dt,create_user_id,create_app_name,chg_lst_dt,chg_lst_user_id,chg_lst_app_name) VALUES('call source code','PHONATHON','Phonathon','',17,'Y',getdate(),'Installation','SQL Studio',getdate(),'Installation','SQL Studio');
INSERT INTO ref_code_item(ref_code_set_name,code,code_desc,code_comment,sort_order,active_ind,create_dt,create_user_id,create_app_name,chg_lst_dt,chg_lst_user_id,chg_lst_app_name) VALUES('call source code','RADIO','Radio','',18,'Y',getdate(),'Installation','SQL Studio',getdate(),'Installation','SQL Studio');
INSERT INTO ref_code_item(ref_code_set_name,code,code_desc,code_comment,sort_order,active_ind,create_dt,create_user_id,create_app_name,chg_lst_dt,chg_lst_user_id,chg_lst_app_name) VALUES('call source code','REFERRAL','Referral (professional\friend\family)', '',19,'Y',getdate(),'Installation','SQL Studio',getdate(),'Installation','SQL Studio');
INSERT INTO ref_code_item(ref_code_set_name,code,code_desc,code_comment,sort_order,active_ind,create_dt,create_user_id,create_app_name,chg_lst_dt,chg_lst_user_id,chg_lst_app_name) VALUES('call source code','TELEVISION','Television','',20,'Y',getdate(),'Installation','SQL Studio',getdate(),'Installation','SQL Studio');
INSERT INTO ref_code_item(ref_code_set_name,code,code_desc,code_comment,sort_order,active_ind,create_dt,create_user_id,create_app_name,chg_lst_dt,chg_lst_user_id,chg_lst_app_name) VALUES('call source code','URBAN LEAGUE','Urban League (national/local)', '',21,'Y',getdate(),'Installation','SQL Studio',getdate(),'Installation','SQL Studio');
INSERT INTO ref_code_item(ref_code_set_name,code,code_desc,code_comment,sort_order,active_ind,create_dt,create_user_id,create_app_name,chg_lst_dt,chg_lst_user_id,chg_lst_app_name) VALUES('call source code','USA CARES','USA Cares','',22,'Y',getdate(),'Installation','SQL Studio',getdate(),'Installation','SQL Studio');
INSERT INTO ref_code_item(ref_code_set_name,code,code_desc,code_comment,sort_order,active_ind,create_dt,create_user_id,create_app_name,chg_lst_dt,chg_lst_user_id,chg_lst_app_name) VALUES('call source code','UTILITY BILL','Utility Bill','',23,'Y',getdate(),'Installation','SQL Studio',getdate(),'Installation','SQL Studio');
INSERT INTO ref_code_item(ref_code_set_name,code,code_desc,code_comment,sort_order,active_ind,create_dt,create_user_id,create_app_name,chg_lst_dt,chg_lst_user_id,chg_lst_app_name) VALUES('call source code','OTHER','Other','',24,'Y',getdate(),'Installation','SQL Studio',getdate(),'Installation','SQL Studio');

INSERT INTO ref_code_item(ref_code_set_name,code,code_desc,code_comment,sort_order,active_ind,create_dt,create_user_id,create_app_name,chg_lst_dt,chg_lst_user_id,chg_lst_app_name)  VALUES('secure delivery method code','NOSEND', 'Do Not Send','',1,'Y',getdate(),'Installation','SQL Studio',getdate(),'Installation','SQL Studio');
INSERT INTO ref_code_item(ref_code_set_name,code,code_desc,code_comment,sort_order,active_ind,create_dt,create_user_id,create_app_name,chg_lst_dt,chg_lst_user_id,chg_lst_app_name)  VALUES('secure delivery method code','PORTAL', 'HPF Portal', '',2,'Y',getdate(),'Installation','SQL Studio',getdate(),'Installation','SQL Studio');
INSERT INTO ref_code_item(ref_code_set_name,code,code_desc,code_comment,sort_order,active_ind,create_dt,create_user_id,create_app_name,chg_lst_dt,chg_lst_user_id,chg_lst_app_name)  VALUES('secure delivery method code','SECEMAIL', 'Secure Email','',3,'Y',getdate(),'Installation','SQL Studio',getdate(),'Installation','SQL Studio');

INSERT INTO ref_code_item(ref_code_set_name,code,code_desc,code_comment,sort_order,active_ind,create_dt,create_user_id,create_app_name,chg_lst_dt,chg_lst_user_id,chg_lst_app_name)  VALUES('billing export format code', 'FIS', 'Fidelity New Invoice', '',1,'Y',getdate(),'Installation','SQL Studio',getdate(),'Installation','SQL Studio');
INSERT INTO ref_code_item(ref_code_set_name,code,code_desc,code_comment,sort_order,active_ind,create_dt,create_user_id,create_app_name,chg_lst_dt,chg_lst_user_id,chg_lst_app_name)  VALUES('billing export format code', 'ICLEAR', 'First American iClear', '',2,'Y',getdate(),'Installation','SQL Studio',getdate(),'Installation','SQL Studio');
INSERT INTO ref_code_item(ref_code_set_name,code,code_desc,code_comment,sort_order,active_ind,create_dt,create_user_id,create_app_name,chg_lst_dt,chg_lst_user_id,chg_lst_app_name)  VALUES('billing export format code', 'NFMC', 'National Foreclosure Mitigation Counseling','',3,'Y',getdate(),'Installation','SQL Studio',getdate(),'Installation','SQL Studio');
INSERT INTO ref_code_item(ref_code_set_name,code,code_desc,code_comment,sort_order,active_ind,create_dt,create_user_id,create_app_name,chg_lst_dt,chg_lst_user_id,chg_lst_app_name)  VALUES('billing export format code', 'HPFSTD', 'HPF Standard Billing Export','',4,'Y',getdate(),'Installation','SQL Studio',getdate(),'Installation','SQL Studio');

INSERT INTO ref_code_item(ref_code_set_name,code,code_desc,code_comment,sort_order,active_ind,create_dt,create_user_id,create_app_name,chg_lst_dt,chg_lst_user_id,chg_lst_app_name)  VALUES('billing delivery method code', 'PORTAL', 'HPF Portal','',1,'Y',getdate(),'Installation','SQL Studio',getdate(),'Installation','SQL Studio');

INSERT INTO ref_code_item(ref_code_set_name,code,code_desc,code_comment,sort_order,active_ind,create_dt,create_user_id,create_app_name,chg_lst_dt,chg_lst_user_id,chg_lst_app_name)  VALUES('takeback reason code','DUPE', 'Servicer Reported Dupe','',1,'Y',getdate(),'Installation','SQL Studio',getdate(),'Installation','SQL Studio');
INSERT INTO ref_code_item(ref_code_set_name,code,code_desc,code_comment,sort_order,active_ind,create_dt,create_user_id,create_app_name,chg_lst_dt,chg_lst_user_id,chg_lst_app_name)  VALUES('takeback reason code','UTL', 'Unable to locate loan in portfolio','',2,'Y',getdate(),'Installation','SQL Studio',getdate(),'Installation','SQL Studio');
INSERT INTO ref_code_item(ref_code_set_name,code,code_desc,code_comment,sort_order,active_ind,create_dt,create_user_id,create_app_name,chg_lst_dt,chg_lst_user_id,chg_lst_app_name)  VALUES('takeback reason code','FREDDUPE', 'FreddieMac Reported Dupe','',3,'Y',getdate(),'Installation','SQL Studio',getdate(),'Installation','SQL Studio');
INSERT INTO ref_code_item(ref_code_set_name,code,code_desc,code_comment,sort_order,active_ind,create_dt,create_user_id,create_app_name,chg_lst_dt,chg_lst_user_id,chg_lst_app_name)  VALUES('takeback reason code','NFMCDUPEIN', 'NFMC Reported Dupe In-Network','',4,'Y',getdate(),'Installation','SQL Studio',getdate(),'Installation','SQL Studio');

INSERT INTO ref_code_item(ref_code_set_name,code,code_desc,code_comment,sort_order,active_ind,create_dt,create_user_id,create_app_name,chg_lst_dt,chg_lst_user_id,chg_lst_app_name) VALUES('follow up source code','CREDITREPORT','Credit Report','',1,'Y',getdate(),'Installation','SQL Studio',getdate(),'Installation','SQL Studio');
INSERT INTO ref_code_item(ref_code_set_name,code,code_desc,code_comment,sort_order,active_ind,create_dt,create_user_id,create_app_name,chg_lst_dt,chg_lst_user_id,chg_lst_app_name) VALUES('follow up source code','HOMEOWNER','Homeowner','',2,'Y',getdate(),'Installation','SQL Studio',getdate(),'Installation','SQL Studio');
INSERT INTO ref_code_item(ref_code_set_name,code,code_desc,code_comment,sort_order,active_ind,create_dt,create_user_id,create_app_name,chg_lst_dt,chg_lst_user_id,chg_lst_app_name) VALUES('follow up source code','HPF','Home Ownership Preservation Foundation','',3,'Y',getdate(),'Installation','SQL Studio',getdate(),'Installation','SQL Studio');
INSERT INTO ref_code_item(ref_code_set_name,code,code_desc,code_comment,sort_order,active_ind,create_dt,create_user_id,create_app_name,chg_lst_dt,chg_lst_user_id,chg_lst_app_name) VALUES('follow up source code','3RDPARTY','Third Party Provider','',4,'Y',getdate(),'Installation','SQL Studio',getdate(),'Installation','SQL Studio');
INSERT INTO ref_code_item(ref_code_set_name,code,code_desc,code_comment,sort_order,active_ind,create_dt,create_user_id,create_app_name,chg_lst_dt,chg_lst_user_id,chg_lst_app_name) VALUES('follow up source code','AGENCY','Counseling Agency Network','',5,'Y',getdate(),'Installation','SQL Studio',getdate(),'Installation','SQL Studio');

INSERT INTO ref_code_item(ref_code_set_name,code,code_desc,code_comment,sort_order,active_ind,create_dt,create_user_id,create_app_name,chg_lst_dt,chg_lst_user_id,chg_lst_app_name) VALUES('mortgage program code','FHA', 'FHA - Federal Housing Administration Loan','',1,'Y',getdate(),'Installation','SQL Studio',getdate(),'Installation','SQL Studio');
INSERT INTO ref_code_item(ref_code_set_name,code,code_desc,code_comment,sort_order,active_ind,create_dt,create_user_id,create_app_name,chg_lst_dt,chg_lst_user_id,chg_lst_app_name) VALUES('mortgage program code','VA', 'VA - Veterans Administration Loan','',2,'Y',getdate(),'Installation','SQL Studio',getdate(),'Installation','SQL Studio');
INSERT INTO ref_code_item(ref_code_set_name,code,code_desc,code_comment,sort_order,active_ind,create_dt,create_user_id,create_app_name,chg_lst_dt,chg_lst_user_id,chg_lst_app_name) VALUES('mortgage program code','CONV', 'Conventional Loan','',3,'Y',getdate(),'Installation','SQL Studio',getdate(),'Installation','SQL Studio');
INSERT INTO ref_code_item(ref_code_set_name,code,code_desc,code_comment,sort_order,active_ind,create_dt,create_user_id,create_app_name,chg_lst_dt,chg_lst_user_id,chg_lst_app_name) VALUES('mortgage program code','PRIV', 'Privately Held Loan','',4,'Y',getdate(),'Installation','SQL Studio',getdate(),'Installation','SQL Studio');
INSERT INTO ref_code_item(ref_code_set_name,code,code_desc,code_comment,sort_order,active_ind,create_dt,create_user_id,create_app_name,chg_lst_dt,chg_lst_user_id,chg_lst_app_name) VALUES('mortgage program code','UNK', 'Unknown Loan Program','',5,'Y',getdate(),'Installation','SQL Studio',getdate(),'Installation','SQL Studio');

/****************************************************************************/
DELETE FROM menu_security;
DELETE FROM menu_item;
DELETE FROM menu_group;

INSERT INTO menu_group (menu_group_id,group_name, group_sort_order, group_target) VALUES (1,'Accounting',3,'#');
INSERT INTO menu_group (menu_group_id,group_name, group_sort_order, group_target) VALUES (2,'Home',1,'Default.aspx');
INSERT INTO menu_group (menu_group_id,group_name, group_sort_order, group_target) VALUES (3,'Foreclosure Case',2,'SearchForeclosureCase.aspx');
INSERT INTO menu_group (menu_group_id,group_name, group_sort_order, group_target) VALUES (4,'Reports',4,'default.aspx');
INSERT INTO menu_group (menu_group_id,group_name, group_sort_order, group_target) VALUES (5,'Change Password',5,'ChangePassword.aspx');
INSERT INTO menu_group (menu_group_id,group_name, group_sort_order, group_target) VALUES (6,'Admin',6,'#');
INSERT INTO menu_group (menu_group_id,group_name, group_sort_order, group_target) VALUES (7,'Logout',7,'Logout.aspx');

INSERT INTO menu_item (menu_item_id, menu_group_id,item_name, item_sort_order, item_target, visibled)   VALUES (1,1,'Funding Source Invoices',1,'FundingSourceInvoice.aspx',1);
INSERT INTO menu_item (menu_item_id, menu_group_id,item_name, item_sort_order, item_target, visibled)   VALUES (2,1,'Agency Accounts Payables',2,'AgencyPayable.aspx',1);
INSERT INTO menu_item (menu_item_id, menu_group_id,item_name, item_sort_order, item_target, visibled)   VALUES (3,6,'Agency',1,'#',1);
INSERT INTO menu_item (menu_item_id, menu_group_id,item_name, item_sort_order, item_target, visibled)   VALUES (4,6,'Funding Source',2,'#',1);
INSERT INTO menu_item (menu_item_id, menu_group_id,item_name, item_sort_order, item_target, visibled)   VALUES (5,6,'Servicer',3,'#',1);
INSERT INTO menu_item (menu_item_id, menu_group_id,item_name, item_sort_order, item_target, visibled)   VALUES (6,6,'Programs',5,'#',1);
INSERT INTO menu_item (menu_item_id, menu_group_id,item_name, item_sort_order, item_target, visibled)   VALUES (7,6,'Rates',4,'#',1);
INSERT INTO menu_item (menu_item_id, menu_group_id,item_name, item_sort_order, item_target, visibled)   VALUES (8,6,'General Codes',6,'#',1);
INSERT INTO menu_item (menu_item_id, menu_group_id,item_name, item_sort_order, item_target, visibled)   VALUES (9,6,'Budget Categories',7,'#',1);
INSERT INTO menu_item (menu_item_id, menu_group_id,item_name, item_sort_order, item_target, visibled)   VALUES (10,6,'Outcomes',8,'#',1);
INSERT INTO menu_item (menu_item_id, menu_group_id,item_name, item_sort_order, item_target, visibled)   VALUES (11,6,'User',9,'#',1);
INSERT INTO menu_item (menu_item_id, menu_group_id,item_name, item_sort_order, item_target, visibled)   VALUES (12,6,'WS User',10,'#',1);
INSERT INTO menu_item (menu_item_id, menu_group_id,item_name, item_sort_order, item_target, visibled)   VALUES (13,6,'Call Center',11,'#',1);
INSERT INTO menu_item (menu_item_id, menu_group_id,item_name, item_sort_order, item_target, visibled)   VALUES (14,6,'Congressional Districts',12,'#',1);
INSERT INTO menu_item (menu_item_id, menu_group_id,item_name, item_sort_order, item_target, visibled)   VALUES (15,6,'Area Median Income',13,'#',1);
INSERT INTO menu_item (menu_item_id, menu_group_id,item_name, item_sort_order, item_target, visibled)   VALUES (16,6,'Geocode Reference',14,'#',1);
INSERT INTO menu_item (menu_item_id, menu_group_id,item_name, item_sort_order, item_target, visibled)   VALUES (17,3,'ForeclosureDetail',1,'ForeclosureCaseInfo.aspx',0);
INSERT INTO menu_item (menu_item_id, menu_group_id,item_name, item_sort_order, item_target, visibled)   VALUES (18,1,'Invoice Payments',3,'InvoicePayment.aspx',1);

INSERT INTO menu_security (menu_security_id, hpf_user_id, menu_item_id, permission_value)   VALUES (1,1,1,'U');
INSERT INTO menu_security (menu_security_id, hpf_user_id, menu_item_id, permission_value)   VALUES (2,1,2,'U');
INSERT INTO menu_security (menu_security_id, hpf_user_id, menu_item_id, permission_value)   VALUES (3,1,3,'U');
INSERT INTO menu_security (menu_security_id, hpf_user_id, menu_item_id, permission_value)   VALUES (4,1,4,'U');
INSERT INTO menu_security (menu_security_id, hpf_user_id, menu_item_id, permission_value)   VALUES (5,1,5,'U');
INSERT INTO menu_security (menu_security_id, hpf_user_id, menu_item_id, permission_value)   VALUES (6,1,6,'U');
INSERT INTO menu_security (menu_security_id, hpf_user_id, menu_item_id, permission_value)   VALUES (7,1,7,'U');
INSERT INTO menu_security (menu_security_id, hpf_user_id, menu_item_id, permission_value)   VALUES (8,1,8,'U');
INSERT INTO menu_security (menu_security_id, hpf_user_id, menu_item_id, permission_value)   VALUES (9,1,9,'U');
INSERT INTO menu_security (menu_security_id, hpf_user_id, menu_item_id, permission_value)   VALUES (10,1,10,'U');
INSERT INTO menu_security (menu_security_id, hpf_user_id, menu_item_id, permission_value)   VALUES (11,1,11,'U');
INSERT INTO menu_security (menu_security_id, hpf_user_id, menu_item_id, permission_value)   VALUES (12,1,12,'U');
INSERT INTO menu_security (menu_security_id, hpf_user_id, menu_item_id, permission_value)   VALUES (13,1,13,'U');
INSERT INTO menu_security (menu_security_id, hpf_user_id, menu_item_id, permission_value)   VALUES (14,1,14,'U');
INSERT INTO menu_security (menu_security_id, hpf_user_id, menu_item_id, permission_value)   VALUES (15,1,15,'U');
INSERT INTO menu_security (menu_security_id, hpf_user_id, menu_item_id, permission_value)   VALUES (16,1,16,'U');
INSERT INTO menu_security (menu_security_id, hpf_user_id, menu_item_id, permission_value)   VALUES (17,4,1,'R');
INSERT INTO menu_security (menu_security_id, hpf_user_id, menu_item_id, permission_value)   VALUES (18,4,2,'R');
INSERT INTO menu_security (menu_security_id, hpf_user_id, menu_item_id, permission_value)   VALUES (19,1,17,'U');
INSERT INTO menu_security (menu_security_id, hpf_user_id, menu_item_id, permission_value)   VALUES (20,4,17,'R');
INSERT INTO menu_security (menu_security_id, hpf_user_id, menu_item_id, permission_value)   VALUES (21,1,18,'U');
INSERT INTO menu_security (menu_security_id, hpf_user_id, menu_item_id, permission_value)   VALUES (22,4,18,'R');

/****************************************************************************/

Use HPF
GO
DECLARE	@return_value int, @po_hpf_user_id int, @today datetime, @v_menu_security_id int
SELECT @today = getdate();
select @v_menu_security_id = max(menu_security_id) from menu_security;

-- FCView         Foreclosure Case - View Only
EXEC	@return_value = [dbo].[hpf_hpf_user_insert]
		@pi_user_login_id = N'FCView', @pi_password = N'FCView', @pi_active_ind = N'Y',	@pi_user_role_str_TBD = NULL,
		@pi_fname = N'FCView',	@pi_lname = NULL,	@pi_email = NULL, @pi_phone = NULL, @pi_last_login_dt = @today,
		@pi_create_dt = @today, @pi_create_user_id = N'Installation', @pi_create_app_name = N'SQL Studio',
		@pi_chg_lst_dt = @today,	@pi_chg_lst_user_id = N'Installation', @pi_chg_lst_app_name = N'SQL Studio',
		@po_hpf_user_id = @po_hpf_user_id OUTPUT
select @v_menu_security_id = @v_menu_security_id +1;
EXEC	@return_value = [dbo].[hpf_menu_security_insert]	
		@pi_menu_security_id = 	@v_menu_security_id , @pi_menu_item_id = 17, @pi_permission_value = 'R', @pi_hpf_user_id  = @po_hpf_user_id

-- FCEdit         Foreclosure Case - Edit
EXEC	@return_value = [dbo].[hpf_hpf_user_insert]
		@pi_user_login_id = N'FCEdit', @pi_password = N'FCEdit', @pi_active_ind = N'Y',	@pi_user_role_str_TBD = NULL,
		@pi_fname = N'FCEdit',	@pi_lname = NULL,	@pi_email = NULL, @pi_phone = NULL, @pi_last_login_dt = @today,
		@pi_create_dt = @today, @pi_create_user_id = N'Installation', @pi_create_app_name = N'SQL Studio',
		@pi_chg_lst_dt = @today,	@pi_chg_lst_user_id = N'Installation', @pi_chg_lst_app_name = N'SQL Studio',
		@po_hpf_user_id = @po_hpf_user_id OUTPUT
select @v_menu_security_id = @v_menu_security_id +1;
EXEC	@return_value = [dbo].[hpf_menu_security_insert]	
		@pi_menu_security_id = 	@v_menu_security_id , @pi_menu_item_id = 17, @pi_permission_value = 'U', @pi_hpf_user_id  = @po_hpf_user_id

-- FCVE           Foreclosure Case - View Only and Foreclosure Case - Edit
EXEC	@return_value = [dbo].[hpf_hpf_user_insert]
		@pi_user_login_id = N'FCVE', @pi_password = N'FCVE', @pi_active_ind = N'Y',	@pi_user_role_str_TBD = NULL,
		@pi_fname = N'FCVE',	@pi_lname = NULL,	@pi_email = NULL, @pi_phone = NULL, @pi_last_login_dt = @today,
		@pi_create_dt = @today, @pi_create_user_id = N'Installation', @pi_create_app_name = N'SQL Studio',
		@pi_chg_lst_dt = @today,	@pi_chg_lst_user_id = N'Installation', @pi_chg_lst_app_name = N'SQL Studio',
		@po_hpf_user_id = @po_hpf_user_id OUTPUT
select @v_menu_security_id = @v_menu_security_id +1;
EXEC	@return_value = [dbo].[hpf_menu_security_insert]	
		@pi_menu_security_id = 	@v_menu_security_id , @pi_menu_item_id = 17, @pi_permission_value = 'U', @pi_hpf_user_id  = @po_hpf_user_id

-- ActView        Accounting - View Only
EXEC	@return_value = [dbo].[hpf_hpf_user_insert]
		@pi_user_login_id = N'ActView', @pi_password = N'ActView', @pi_active_ind = N'Y',	@pi_user_role_str_TBD = NULL,
		@pi_fname = N'ActView',	@pi_lname = NULL,	@pi_email = NULL, @pi_phone = NULL, @pi_last_login_dt = @today,
		@pi_create_dt = @today, @pi_create_user_id = N'Installation', @pi_create_app_name = N'SQL Studio',
		@pi_chg_lst_dt = @today,	@pi_chg_lst_user_id = N'Installation', @pi_chg_lst_app_name = N'SQL Studio',
		@po_hpf_user_id = @po_hpf_user_id OUTPUT
select @v_menu_security_id = @v_menu_security_id +1;
EXEC	@return_value = [dbo].[hpf_menu_security_insert]	
		@pi_menu_security_id = 	@v_menu_security_id , @pi_menu_item_id = 1, @pi_permission_value = 'R', @pi_hpf_user_id  = @po_hpf_user_id
select @v_menu_security_id = @v_menu_security_id +1;
EXEC	@return_value = [dbo].[hpf_menu_security_insert]	
		@pi_menu_security_id = 	@v_menu_security_id , @pi_menu_item_id = 2, @pi_permission_value = 'R', @pi_hpf_user_id  = @po_hpf_user_id
select @v_menu_security_id = @v_menu_security_id +1;
EXEC	@return_value = [dbo].[hpf_menu_security_insert]	
		@pi_menu_security_id = 	@v_menu_security_id , @pi_menu_item_id = 18, @pi_permission_value = 'R', @pi_hpf_user_id  = @po_hpf_user_id

-- ActEdit        Accounting - Edit
EXEC	@return_value = [dbo].[hpf_hpf_user_insert]
		@pi_user_login_id = N'ActEdit', @pi_password = N'ActEdit', @pi_active_ind = N'Y',	@pi_user_role_str_TBD = NULL,
		@pi_fname = N'ActEdit',	@pi_lname = NULL,	@pi_email = NULL, @pi_phone = NULL, @pi_last_login_dt = @today,
		@pi_create_dt = @today, @pi_create_user_id = N'Installation', @pi_create_app_name = N'SQL Studio',
		@pi_chg_lst_dt = @today,	@pi_chg_lst_user_id = N'Installation', @pi_chg_lst_app_name = N'SQL Studio',
		@po_hpf_user_id = @po_hpf_user_id OUTPUT
select @v_menu_security_id = @v_menu_security_id +1;
EXEC	@return_value = [dbo].[hpf_menu_security_insert]	
		@pi_menu_security_id = 	@v_menu_security_id , @pi_menu_item_id = 1, @pi_permission_value = 'U', @pi_hpf_user_id  = @po_hpf_user_id
select @v_menu_security_id = @v_menu_security_id +1;
EXEC	@return_value = [dbo].[hpf_menu_security_insert]	
		@pi_menu_security_id = 	@v_menu_security_id , @pi_menu_item_id = 2, @pi_permission_value = 'U', @pi_hpf_user_id  = @po_hpf_user_id
select @v_menu_security_id = @v_menu_security_id +1;
EXEC	@return_value = [dbo].[hpf_menu_security_insert]	
		@pi_menu_security_id = 	@v_menu_security_id , @pi_menu_item_id = 18, @pi_permission_value = 'U', @pi_hpf_user_id  = @po_hpf_user_id

--ACTVE          Accounting - View Only and Accounting - Edit
EXEC	@return_value = [dbo].[hpf_hpf_user_insert]
		@pi_user_login_id = N'ACTVE', @pi_password = N'ACTVE', @pi_active_ind = N'Y',	@pi_user_role_str_TBD = NULL,
		@pi_fname = N'ACTVE',	@pi_lname = NULL,	@pi_email = NULL, @pi_phone = NULL, @pi_last_login_dt = @today,
		@pi_create_dt = @today, @pi_create_user_id = N'Installation', @pi_create_app_name = N'SQL Studio',
		@pi_chg_lst_dt = @today,	@pi_chg_lst_user_id = N'Installation', @pi_chg_lst_app_name = N'SQL Studio',
		@po_hpf_user_id = @po_hpf_user_id OUTPUT;
select @v_menu_security_id = @v_menu_security_id +1;
EXEC	@return_value = [dbo].[hpf_menu_security_insert]	
		@pi_menu_security_id = 	@v_menu_security_id , @pi_menu_item_id = 1, @pi_permission_value = 'U', @pi_hpf_user_id  = @po_hpf_user_id
select @v_menu_security_id = @v_menu_security_id +1;
EXEC	@return_value = [dbo].[hpf_menu_security_insert]	
		@pi_menu_security_id = 	@v_menu_security_id , @pi_menu_item_id = 2, @pi_permission_value = 'U', @pi_hpf_user_id  = @po_hpf_user_id
select @v_menu_security_id = @v_menu_security_id +1;
EXEC	@return_value = [dbo].[hpf_menu_security_insert]	
		@pi_menu_security_id = 	@v_menu_security_id , @pi_menu_item_id = 18, @pi_permission_value = 'U', @pi_hpf_user_id  = @po_hpf_user_id

--ALL   Foreclosure Case - View Only and Foreclosure Case - Edit and Accounting - View Only and Accounting - Edit 
EXEC	@return_value = [dbo].[hpf_hpf_user_insert]
		@pi_user_login_id = N'ALL', @pi_password = N'ALL', @pi_active_ind = N'Y',	@pi_user_role_str_TBD = NULL,
		@pi_fname = N'ALL',	@pi_lname = NULL,	@pi_email = NULL, @pi_phone = NULL, @pi_last_login_dt = @today,
		@pi_create_dt = @today, @pi_create_user_id = N'Installation', @pi_create_app_name = N'SQL Studio',
		@pi_chg_lst_dt = @today,	@pi_chg_lst_user_id = N'Installation', @pi_chg_lst_app_name = N'SQL Studio',
		@po_hpf_user_id = @po_hpf_user_id OUTPUT
select @v_menu_security_id = @v_menu_security_id +1;
EXEC	@return_value = [dbo].[hpf_menu_security_insert]	
		@pi_menu_security_id = 	@v_menu_security_id , @pi_menu_item_id = 17, @pi_permission_value = 'U', @pi_hpf_user_id  = @po_hpf_user_id
select @v_menu_security_id = @v_menu_security_id +1;
EXEC	@return_value = [dbo].[hpf_menu_security_insert]	
		@pi_menu_security_id = 	@v_menu_security_id , @pi_menu_item_id = 1, @pi_permission_value = 'U', @pi_hpf_user_id  = @po_hpf_user_id
select @v_menu_security_id = @v_menu_security_id +1;
EXEC	@return_value = [dbo].[hpf_menu_security_insert]	
		@pi_menu_security_id = 	@v_menu_security_id , @pi_menu_item_id = 2, @pi_permission_value = 'U', @pi_hpf_user_id  = @po_hpf_user_id
select @v_menu_security_id = @v_menu_security_id +1;
EXEC	@return_value = [dbo].[hpf_menu_security_insert]	
		@pi_menu_security_id = 	@v_menu_security_id , @pi_menu_item_id = 18, @pi_permission_value = 'U', @pi_hpf_user_id  = @po_hpf_user_id;

/****************************************************************************/
UPDATE	Agency SET		NFMC_branch_num = '84096' WHERE	Agency_name = 'CCCS of Atlanta';
UPDATE	Agency SET		NFMC_branch_num = '84095' WHERE	Agency_name = 'CCCS of San Francisco';
UPDATE	Agency SET		NFMC_branch_num = '84289' WHERE	Agency_name = 'MMI';
UPDATE	Agency SET		NFMC_branch_num = '84094' WHERE	Agency_name = 'NovaDebt';
UPDATE	Agency SET		NFMC_branch_num = '84093' WHERE	Agency_name = 'Springboard';
UPDATE	Agency SET		NFMC_branch_num = '82210' WHERE	Agency_name = 'Auriton';
UPDATE	Agency SET		NFMC_branch_num = '84468' WHERE	Agency_name = 'By Design';
UPDATE	Agency SET		NFMC_branch_num = '84467' WHERE	Agency_name = 'CCCS Dallas';
UPDATE	Agency SET		NFMC_branch_num = '84466' WHERE	Agency_name = 'CCCS-Central Florida';
UPDATE	Agency SET		NFMC_branch_num = '84469' WHERE	Agency_name = 'Greenpath';     

/****************************************************************************/
/* Outcome_type data */

INSERT INTO outcome_type (outcome_type_name, outcome_type_comment, payable_ind,create_dt,create_user_id,create_app_name,chg_lst_dt,chg_lst_user_id,chg_lst_app_name) VALUES ('Referred to Community Assistance Program',	'Referred to Community Assistance Program', 'Y',getdate(),'Installation','SQL Studio',getdate(),'Installation','SQL Studio');
INSERT INTO outcome_type (outcome_type_name, outcome_type_comment, payable_ind,create_dt,create_user_id,create_app_name,chg_lst_dt,chg_lst_user_id,chg_lst_app_name) VALUES ('Additional Counseling Scheduled', 'Additional Counseling Scheduled', 'Y',getdate(),'Installation','SQL Studio',getdate(),'Installation','SQL Studio');
INSERT INTO outcome_type (outcome_type_name, outcome_type_comment, payable_ind,create_dt,create_user_id,create_app_name,chg_lst_dt,chg_lst_user_id,chg_lst_app_name) VALUES ('Debt Management Plan', 'Debt Management Plan', 'Y',getdate(),'Installation','SQL Studio',getdate(),'Installation','SQL Studio');
INSERT INTO outcome_type (outcome_type_name, outcome_type_comment, payable_ind,create_dt,create_user_id,create_app_name,chg_lst_dt,chg_lst_user_id,chg_lst_app_name) VALUES ('Sell or List Home', 'Sell or List Home', 'Y',getdate(),'Installation','SQL Studio',getdate(),'Installation','SQL Studio');
INSERT INTO outcome_type (outcome_type_name, outcome_type_comment, payable_ind,create_dt,create_user_id,create_app_name,chg_lst_dt,chg_lst_user_id,chg_lst_app_name) VALUES ('Client Declined Counseling', 'Client Declined Counseling',	'N',getdate(),'Installation','SQL Studio',getdate(),'Installation','SQL Studio');
INSERT INTO outcome_type (outcome_type_name, outcome_type_comment, payable_ind,create_dt,create_user_id,create_app_name,chg_lst_dt,chg_lst_user_id,chg_lst_app_name) VALUES ('Unable to Contact Client', 'Unable to Contact Client', 'N',getdate(),'Installation','SQL Studio',getdate(),'Installation','SQL Studio');
INSERT INTO outcome_type (outcome_type_name, outcome_type_comment, payable_ind,create_dt,create_user_id,create_app_name,chg_lst_dt,chg_lst_user_id,chg_lst_app_name) VALUES ('Session Incomplete', 'Session Incomplete',	'N',getdate(),'Installation','SQL Studio',getdate(),'Installation','SQL Studio');
INSERT INTO outcome_type (outcome_type_name, outcome_type_comment, payable_ind,create_dt,create_user_id,create_app_name,chg_lst_dt,chg_lst_user_id,chg_lst_app_name) VALUES ('Referred to LifeMatters Counseling', 'Referred to LifeMatters Counseling', 'Y',getdate(),'Installation','SQL Studio',getdate(),'Installation','SQL Studio');
INSERT INTO outcome_type (outcome_type_name, outcome_type_comment, payable_ind,create_dt,create_user_id,create_app_name,chg_lst_dt,chg_lst_user_id,chg_lst_app_name) VALUES ('Loan Reinstated',	'Loan Reinstated', 'Y',getdate(),'Installation','SQL Studio',getdate(),'Installation','SQL Studio');
INSERT INTO outcome_type (outcome_type_name, outcome_type_comment, payable_ind,create_dt,create_user_id,create_app_name,chg_lst_dt,chg_lst_user_id,chg_lst_app_name) VALUES ('Referred to USA Cares', 'Referred to USA Cares', 'Y',getdate(),'Installation','SQL Studio',getdate(),'Installation','SQL Studio');
INSERT INTO outcome_type (outcome_type_name, outcome_type_comment, payable_ind,create_dt,create_user_id,create_app_name,chg_lst_dt,chg_lst_user_id,chg_lst_app_name) VALUES ('Referred to Local Housing Affiliate',	'Referred to Local Housing Affiliate', 'Y',getdate(),'Installation','SQL Studio',getdate(),'Installation','SQL Studio');
INSERT INTO outcome_type (outcome_type_name, outcome_type_comment, payable_ind,create_dt,create_user_id,create_app_name,chg_lst_dt,chg_lst_user_id,chg_lst_app_name) VALUES ('Increase Income',	'Increase Income', 'Y',getdate(),'Installation','SQL Studio',getdate(),'Installation','SQL Studio');
INSERT INTO outcome_type (outcome_type_name, outcome_type_comment, payable_ind,create_dt,create_user_id,create_app_name,chg_lst_dt,chg_lst_user_id,chg_lst_app_name) VALUES ('Decrease Expenses', 'Decrease Expenses', 'Y',getdate(),'Installation','SQL Studio',getdate(),'Installation','SQL Studio');
INSERT INTO outcome_type (outcome_type_name, outcome_type_comment, payable_ind,create_dt,create_user_id,create_app_name,chg_lst_dt,chg_lst_user_id,chg_lst_app_name) VALUES ('Referred Back to BK Attorney (currently in BK)', 'Referred Back to BK Attorney (currently in BK)',	'Y',getdate(),'Installation','SQL Studio',getdate(),'Installation','SQL Studio');
INSERT INTO outcome_type (outcome_type_name, outcome_type_comment, payable_ind,create_dt,create_user_id,create_app_name,chg_lst_dt,chg_lst_user_id,chg_lst_app_name) VALUES ('Short Sale', 'Short Sale', 'Y',getdate(),'Installation','SQL Studio',getdate(),'Installation','SQL Studio');
INSERT INTO outcome_type (outcome_type_name, outcome_type_comment, payable_ind,create_dt,create_user_id,create_app_name,chg_lst_dt,chg_lst_user_id,chg_lst_app_name) VALUES ('Deed in Leiu', 'Deed in Leiu',	'Y',getdate(),'Installation','SQL Studio',getdate(),'Installation','SQL Studio');
INSERT INTO outcome_type (outcome_type_name, outcome_type_comment, payable_ind,create_dt,create_user_id,create_app_name,chg_lst_dt,chg_lst_user_id,chg_lst_app_name) VALUES ('Loan Modification', 'Loan Modification',	'Y',getdate(),'Installation','SQL Studio',getdate(),'Installation','SQL Studio');
INSERT INTO outcome_type (outcome_type_name, outcome_type_comment, payable_ind,create_dt,create_user_id,create_app_name,chg_lst_dt,chg_lst_user_id,chg_lst_app_name) VALUES ('Forebearance Plan', 'Forebearance Plan',	'Y',getdate(),'Installation','SQL Studio',getdate(),'Installation','SQL Studio');
-- INSERT INTO outcome_type (outcome_type_name, outcome_type_comment, payable_ind,create_dt,create_user_id,create_app_name,chg_lst_dt,chg_lst_user_id,chg_lst_app_name) 
-- VALUES ('Contact Servicer Regarding Situation (or changes to situation)', 'Contact Servicer Regarding Situation (or changes to situation)',	'Y',getdate(),'Installation','SQL Studio',getdate(),'Installation','SQL Studio');
INSERT INTO outcome_type (outcome_type_name, outcome_type_comment, payable_ind,create_dt,create_user_id,create_app_name,chg_lst_dt,chg_lst_user_id,chg_lst_app_name) VALUES ('Government Foreclosure Program (SMP, H4H, etc)',	'Government Foreclosure Program (SMP, H4H, etc)', 'Y',getdate(),'Installation','SQL Studio',getdate(),'Installation','SQL Studio');
INSERT INTO outcome_type (outcome_type_name, outcome_type_comment, payable_ind,create_dt,create_user_id,create_app_name,chg_lst_dt,chg_lst_user_id,chg_lst_app_name) VALUES ('Partial Claim', 'Partial Claim', 'Y',getdate(),'Installation','SQL Studio',getdate(),'Installation','SQL Studio');
INSERT INTO outcome_type (outcome_type_name, outcome_type_comment, payable_ind,create_dt,create_user_id,create_app_name,chg_lst_dt,chg_lst_user_id,chg_lst_app_name) VALUES ('Repayment Plan', 'Repayment Plan',	'Y',getdate(),'Installation','SQL Studio',getdate(),'Installation','SQL Studio');
INSERT INTO outcome_type (outcome_type_name, outcome_type_comment, payable_ind,create_dt,create_user_id,create_app_name,chg_lst_dt,chg_lst_user_id,chg_lst_app_name) VALUES ('Loan Assumption',	'Loan Assumption', 'Y',getdate(),'Installation','SQL Studio',getdate(),'Installation','SQL Studio');
INSERT INTO outcome_type (outcome_type_name, outcome_type_comment, payable_ind,create_dt,create_user_id,create_app_name,chg_lst_dt,chg_lst_user_id,chg_lst_app_name) VALUES ('Referred to Legal Assistance',	'Referred to Legal Assistance','Y',getdate(),'Installation','SQL Studio',getdate(),'Installation','SQL Studio');
INSERT INTO outcome_type (outcome_type_name, outcome_type_comment, payable_ind,create_dt,create_user_id,create_app_name,chg_lst_dt,chg_lst_user_id,chg_lst_app_name) VALUES ('Refinance Mortgage', 'Refinance Mortgage',	'Y',getdate(),'Installation','SQL Studio',getdate(),'Installation','SQL Studio');
INSERT INTO outcome_type (outcome_type_name, outcome_type_comment, payable_ind,create_dt,create_user_id,create_app_name,chg_lst_dt,chg_lst_user_id,chg_lst_app_name) VALUES ('Budget Improvement Needed Prior To Loan Resolution',	'Budget Improvement Needed Prior To Loan Resolution', 'Y',getdate(),'Installation','SQL Studio',getdate(),'Installation','SQL Studio');
INSERT INTO outcome_type (outcome_type_name, outcome_type_comment, payable_ind,create_dt,create_user_id,create_app_name,chg_lst_dt,chg_lst_user_id,chg_lst_app_name) VALUES ('Loan Resolution Plan (active foreclosure status)',	'Loan Resolution Plan (active foreclosure status)', 'Y',getdate(),'Installation','SQL Studio',getdate(),'Installation','SQL Studio');
INSERT INTO outcome_type (outcome_type_name, outcome_type_comment, payable_ind,create_dt,create_user_id,create_app_name,chg_lst_dt,chg_lst_user_id,chg_lst_app_name)  VALUES ('Loan Repayment Plan (Prior To Foreclosure Status)', 'Loan Repayment Plan (Prior To Foreclosure Status)', 'Y',getdate(),'Installation','SQL Studio',getdate(),'Installation','SQL Studio');
